"Path","SHA256","Bytes","Category","Source","SourceRevision","SourcePath"
"pdftoolskit-samples/sample-corrupted.pdf","CE46A4623725AC4497DED46604283789E193719E934656D00FF219725A21954A","7062","fuzz","PDF Tools Kit samples","4fd733c47ead5446b06372ab910cb78d1c7da55e","out/sample-corrupted.pdf"
"pikepdf/tests/resources/fuzz/378014596.pdf","3003F613B4C123B7038903CFE81E4AEB07A1F2C74278DCEE6047466208867694","15165","fuzz","pikepdf","96ab3e100cd941c46993aca4c3e852833b7f2bc5","upstream:pikepdf-96ab3e100cd941c46993aca4c3e852833b7f2bc5.zip!/tests/resources/fuzz/378014596.pdf"
"qpdf/fuzz/qpdf_extra/15316.fuzz","3B8E4BE7C5CC046E4980F30063C7D3E57CFEEFB8854DE5989679ED69719F8CBB","58","fuzz","qpdf","c37f83ae468abb6cc741f43b2f6fdeb66e550ffb","fuzz/qpdf_extra/15316.fuzz"
"qpdf/fuzz/qpdf_extra/15387.fuzz","1F679A76E4DC204C5362AB05E719D7355C3C78F4B32E35E4FE7DE3EB4A472A77","56","fuzz","qpdf","c37f83ae468abb6cc741f43b2f6fdeb66e550ffb","fuzz/qpdf_extra/15387.fuzz"
"qpdf/fuzz/qpdf_extra/15390.fuzz","B5DC9D66E4C41C40FD33E68BEAA1345CB4B599D418FABA56CB01DA5686C3C018","821","fuzz","qpdf","c37f83ae468abb6cc741f43b2f6fdeb66e550ffb","fuzz/qpdf_extra/15390.fuzz"
"qpdf/fuzz/qpdf_extra/15442.fuzz","222664E7D6D7A328DBEF587A45C3A35DDEA181AFD056579155FA148F90EB303E","44","fuzz","qpdf","c37f83ae468abb6cc741f43b2f6fdeb66e550ffb","fuzz/qpdf_extra/15442.fuzz"
"qpdf/fuzz/qpdf_extra/15445.fuzz","697732531C871AAF7C111C4971F33B0C5CB197615C9EA8B1C07A5D44315CFAE7","155","fuzz","qpdf","c37f83ae468abb6cc741f43b2f6fdeb66e550ffb","fuzz/qpdf_extra/15445.fuzz"
"qpdf/fuzz/qpdf_extra/15983.fuzz","FEECC0E02DB761FD1CE43400D040C475036C9F353D8DEE4D8E6A5C5BD3032EDA","830412","fuzz","qpdf","c37f83ae468abb6cc741f43b2f6fdeb66e550ffb","fuzz/qpdf_extra/15983.fuzz"
"qpdf/fuzz/qpdf_extra/16172.fuzz","BF71462C466596997535E4209F931B21715F6093FBD89CF2B26592F62CFC7987","40","fuzz","qpdf","c37f83ae468abb6cc741f43b2f6fdeb66e550ffb","fuzz/qpdf_extra/16172.fuzz"
"qpdf/fuzz/qpdf_extra/16301.fuzz","7E3FD2FF5D42FCBD3FBD6FCFAA57A48E65C6320093BC50CABC5CF7F507975533","255","fuzz","qpdf","c37f83ae468abb6cc741f43b2f6fdeb66e550ffb","fuzz/qpdf_extra/16301.fuzz"
"qpdf/fuzz/qpdf_extra/16953.fuzz","D2C0D2FC6056BFB41FBBA8CA2E0ACDC782C51C48635B06BA0F4A77253D1EE90B","164","fuzz","qpdf","c37f83ae468abb6cc741f43b2f6fdeb66e550ffb","fuzz/qpdf_extra/16953.fuzz"
"qpdf/fuzz/qpdf_extra/17630.fuzz","AFBA936396D122AD421DD56E6C217020A4D53FC491C92B8634E06A0086087199","1048576","fuzz","qpdf","c37f83ae468abb6cc741f43b2f6fdeb66e550ffb","fuzz/qpdf_extra/17630.fuzz"
"qpdf/fuzz/qpdf_extra/17630a.fuzz","8FCED21CAC40691110A26CD802050A7700CB1AF139687117A3D2E969C012A38E","871948","fuzz","qpdf","c37f83ae468abb6cc741f43b2f6fdeb66e550ffb","fuzz/qpdf_extra/17630a.fuzz"
"qpdf/fuzz/qpdf_extra/17630b.fuzz","DFBA69FF33B5DDA668A17D748629F4DDABE210E743FB8DB549FD4B4C981C9DC2","672027","fuzz","qpdf","c37f83ae468abb6cc741f43b2f6fdeb66e550ffb","fuzz/qpdf_extra/17630b.fuzz"
"qpdf/fuzz/qpdf_extra/18241.fuzz","76C9DE9052DD21AB32B91183914045FCA63DBF88B1A6FC4000B472081C81A537","73","fuzz","qpdf","c37f83ae468abb6cc741f43b2f6fdeb66e550ffb","fuzz/qpdf_extra/18241.fuzz"
"qpdf/fuzz/qpdf_extra/18247.fuzz","AE8C9EF3164F92EEACD1B270A912BB74ACA345AB0AA5E931A29BE4B34E74F1E2","569","fuzz","qpdf","c37f83ae468abb6cc741f43b2f6fdeb66e550ffb","fuzz/qpdf_extra/18247.fuzz"
"qpdf/fuzz/qpdf_extra/23172.fuzz","892DAD2FA40D3C98C5215CE291432B2450F71452CBFFF8737C84AC1B416D554F","26638","fuzz","qpdf","c37f83ae468abb6cc741f43b2f6fdeb66e550ffb","fuzz/qpdf_extra/23172.fuzz"
"qpdf/fuzz/qpdf_extra/23599.fuzz","C243B02B25242E4157A1C4450BA0007361C3E4F9449562A2B4F80C9D1F0E185C","369","fuzz","qpdf","c37f83ae468abb6cc741f43b2f6fdeb66e550ffb","fuzz/qpdf_extra/23599.fuzz"
"qpdf/fuzz/qpdf_extra/23642-mod.fuzz","984489B4A9043F631132F4BAD39D331E2E7AA08EF8BF9E07EBAF1A1C2C7A9A3F","45240","fuzz","qpdf","c37f83ae468abb6cc741f43b2f6fdeb66e550ffb","fuzz/qpdf_extra/23642-mod.fuzz"
"qpdf/fuzz/qpdf_extra/23642.fuzz","834511C79ED00179A280C3912E7FA02E0938A52DAA14D98CDBC0D09DAE72B4DB","25750","fuzz","qpdf","c37f83ae468abb6cc741f43b2f6fdeb66e550ffb","fuzz/qpdf_extra/23642.fuzz"
"qpdf/fuzz/qpdf_extra/26761.fuzz","356BB07EFC9F00EE77C7D6E597BDF5A8261251AF8545E8E7F9464C15654247CE","793","fuzz","qpdf","c37f83ae468abb6cc741f43b2f6fdeb66e550ffb","fuzz/qpdf_extra/26761.fuzz"
"qpdf/fuzz/qpdf_extra/26994.fuzz","96EA049944F645BE3949B411ADEB18AD5516BBD706A0819E60B12D0AE7634708","40088","fuzz","qpdf","c37f83ae468abb6cc741f43b2f6fdeb66e550ffb","fuzz/qpdf_extra/26994.fuzz"
"qpdf/fuzz/qpdf_extra/27393.fuzz","DF847D362AF29EAF7238BB2E9022E38087EC401B00E7AA7BDC13605A2C6FD6FA","1012","fuzz","qpdf","c37f83ae468abb6cc741f43b2f6fdeb66e550ffb","fuzz/qpdf_extra/27393.fuzz"
"qpdf/fuzz/qpdf_extra/28262.fuzz","F48AB767BB70F431C816A4662DE6207144FE38A07523BE3E88071765E44F3BF3","40395","fuzz","qpdf","c37f83ae468abb6cc741f43b2f6fdeb66e550ffb","fuzz/qpdf_extra/28262.fuzz"
"qpdf/fuzz/qpdf_extra/30507.fuzz","5651551E96F310875AF7315B906D4F06A322388AB7F82A3A459308DA79939FE6","9548","fuzz","qpdf","c37f83ae468abb6cc741f43b2f6fdeb66e550ffb","fuzz/qpdf_extra/30507.fuzz"
"qpdf/fuzz/qpdf_extra/369662293.fuzz","3FA279AC7CC6F315F84D808A332CC16FA55F4FD92D326488FC6F1EBD96E591F3","160","fuzz","qpdf","c37f83ae468abb6cc741f43b2f6fdeb66e550ffb","fuzz/qpdf_extra/369662293.fuzz"
"qpdf/fuzz/qpdf_extra/369662293a.fuzz","B12CB26DC2E0674AA5BFAFE809FDE587D759EDF601447A7781098B5EAE2258AC","207","fuzz","qpdf","c37f83ae468abb6cc741f43b2f6fdeb66e550ffb","fuzz/qpdf_extra/369662293a.fuzz"
"qpdf/fuzz/qpdf_extra/376305073.fuzz","E975E2647D5B0578833FAC658BF15B13BFB0C10C8B1B7D7E5124F8519C9047E8","378","fuzz","qpdf","c37f83ae468abb6cc741f43b2f6fdeb66e550ffb","fuzz/qpdf_extra/376305073.fuzz"
"qpdf/fuzz/qpdf_extra/376305073a.fuzz","1CFFABA516E48651723F375CED7BF6FDEC775B189495252262D24E80D26614DC","234","fuzz","qpdf","c37f83ae468abb6cc741f43b2f6fdeb66e550ffb","fuzz/qpdf_extra/376305073a.fuzz"
"qpdf/fuzz/qpdf_extra/37740.fuzz","CAE04D881238C8A1AA92597CADBFF0C96955CA7A456813DEF176652FF1A08E10","12948","fuzz","qpdf","c37f83ae468abb6cc741f43b2f6fdeb66e550ffb","fuzz/qpdf_extra/37740.fuzz"
"qpdf/fuzz/qpdf_extra/377977949.fuzz","6F935392692DA04135DC3420EFC4BE32C1FDF22F236677DA466495C2A1F55C71","1041","fuzz","qpdf","c37f83ae468abb6cc741f43b2f6fdeb66e550ffb","fuzz/qpdf_extra/377977949.fuzz"
"qpdf/fuzz/qpdf_extra/388571629.fuzz","C80C77C352458E73A1FCA0EEF3DDD7B6296C2FFCEB850702B14905AFA7A193A7","893256","fuzz","qpdf","c37f83ae468abb6cc741f43b2f6fdeb66e550ffb","fuzz/qpdf_extra/388571629.fuzz"
"qpdf/fuzz/qpdf_extra/389339260.fuzz","2F636CADE8BE115D7581F18ECC49A3BCBFA5AD375192C7680FCDF17547877BCA","3542","fuzz","qpdf","c37f83ae468abb6cc741f43b2f6fdeb66e550ffb","fuzz/qpdf_extra/389339260.fuzz"
"qpdf/fuzz/qpdf_extra/389974979.fuzz","5B42C90F64625446FE71FCA3C8D53458E13CD8ABD1A6A8EF6DD3D255FFE2E3C9","374","fuzz","qpdf","c37f83ae468abb6cc741f43b2f6fdeb66e550ffb","fuzz/qpdf_extra/389974979.fuzz"
"qpdf/fuzz/qpdf_extra/391974927.fuzz","957C3F47C10498DBEE268B6ADF0B1E5774653C92CAF7772E699D2F42A3F71A1D","210041","fuzz","qpdf","c37f83ae468abb6cc741f43b2f6fdeb66e550ffb","fuzz/qpdf_extra/391974927.fuzz"
"qpdf/fuzz/qpdf_extra/394129398.fuzz","9B9F9B49DF85A67CF21766192398D4CEA53C07B42345425BED15020F97C8BE49","210329","fuzz","qpdf","c37f83ae468abb6cc741f43b2f6fdeb66e550ffb","fuzz/qpdf_extra/394129398.fuzz"
"qpdf/fuzz/qpdf_extra/394463491.fuzz","1915D21CE0B5FC87C90A943691E5C99788A7A18B8A430104D13E9C1630A9FBA2","143","fuzz","qpdf","c37f83ae468abb6cc741f43b2f6fdeb66e550ffb","fuzz/qpdf_extra/394463491.fuzz"
"qpdf/fuzz/qpdf_extra/398060137.fuzz","2B2843BD6C9ED3656B5D59F31E32663198B765A9C6AA2016C3DDACCF906A7C20","952848","fuzz","qpdf","c37f83ae468abb6cc741f43b2f6fdeb66e550ffb","fuzz/qpdf_extra/398060137.fuzz"
"qpdf/fuzz/qpdf_extra/409905355.fuzz","9B23B97D69CB4E125C74B61187581987919AE7C5BD36CC66CC01B9E9DB157032","2613","fuzz","qpdf","c37f83ae468abb6cc741f43b2f6fdeb66e550ffb","fuzz/qpdf_extra/409905355.fuzz"
"qpdf/fuzz/qpdf_extra/411312393.fuzz","330D7576DD64463C907120F1926945DFB44FA88CFE650C8019C52AA7371401BE","287","fuzz","qpdf","c37f83ae468abb6cc741f43b2f6fdeb66e550ffb","fuzz/qpdf_extra/411312393.fuzz"
"qpdf/fuzz/qpdf_extra/433311400.fuzz","C1613481F268E216F376AF359B848FA2788F28933BEEC81E940F6DCC30C40F7C","280982","fuzz","qpdf","c37f83ae468abb6cc741f43b2f6fdeb66e550ffb","fuzz/qpdf_extra/433311400.fuzz"
"qpdf/fuzz/qpdf_extra/440599107.fuzz","7AB188C0A8AA148A4219E1AEB495E3924BE186C7447B3F5EFF72CDF9084128A3","2909","fuzz","qpdf","c37f83ae468abb6cc741f43b2f6fdeb66e550ffb","fuzz/qpdf_extra/440599107.fuzz"
"qpdf/fuzz/qpdf_extra/440747125.fuzz","620DB8480B263717D82D3CEEB20270F0E249EC02EADF61F2A2E5F5A895C9BED6","16086","fuzz","qpdf","c37f83ae468abb6cc741f43b2f6fdeb66e550ffb","fuzz/qpdf_extra/440747125.fuzz"
"qpdf/fuzz/qpdf_extra/464655077.fuzz","D0D5D465A41AF6E1F281733CE043326D122BBAF773D2AD46FF52A83A040C8F76","1354","fuzz","qpdf","c37f83ae468abb6cc741f43b2f6fdeb66e550ffb","fuzz/qpdf_extra/464655077.fuzz"
"qpdf/fuzz/qpdf_extra/4720043549327360.fuzz","DAC68EA74A40137F3AF48C4FC16B5018477AFB68EB5B292CD5D749E8DC476990","7599","fuzz","qpdf","c37f83ae468abb6cc741f43b2f6fdeb66e550ffb","fuzz/qpdf_extra/4720043549327360.fuzz"
"qpdf/fuzz/qpdf_extra/4797504999981056.fuzz","5E2BCAA13605D364C0AA76FEF1E16183979B4785A596B6C283B1B9CF03CED4A4","56","fuzz","qpdf","c37f83ae468abb6cc741f43b2f6fdeb66e550ffb","fuzz/qpdf_extra/4797504999981056.fuzz"
"qpdf/fuzz/qpdf_extra/4876793183272960.fuzz","2BFA81ACE8E836A80C61EF56E5C53F9644B32741D488646CAA5FE37B1B14DBD9","45","fuzz","qpdf","c37f83ae468abb6cc741f43b2f6fdeb66e550ffb","fuzz/qpdf_extra/4876793183272960.fuzz"
"qpdf/fuzz/qpdf_extra/5109284021272576.fuzz","86026E494CFB9D8BE78DA3A85B17043710D0F3D53D94C5A8AF4C35CE4D42555F","506766","fuzz","qpdf","c37f83ae468abb6cc741f43b2f6fdeb66e550ffb","fuzz/qpdf_extra/5109284021272576.fuzz"
"qpdf/fuzz/qpdf_extra/5344352869351424.fuzz","4E208EF45C64E9E155817C5B8DB987C54A4D9D17955993AD63A37E3D9CAE1F41","749","fuzz","qpdf","c37f83ae468abb6cc741f43b2f6fdeb66e550ffb","fuzz/qpdf_extra/5344352869351424.fuzz"
"qpdf/fuzz/qpdf_extra/547975127.fuzz","5EC8B4FA2B546C0262A6270F2661CEFA6D61E08C301BE388D520C624680BF9C2","152","fuzz","qpdf","c37f83ae468abb6cc741f43b2f6fdeb66e550ffb","fuzz/qpdf_extra/547975127.fuzz"
"qpdf/fuzz/qpdf_extra/57639.fuzz","ECFEFDC0DCD93D057565D0EF26FDECEFE56DC06031861B21ABF4F64C6588C9C7","20154","fuzz","qpdf","c37f83ae468abb6cc741f43b2f6fdeb66e550ffb","fuzz/qpdf_extra/57639.fuzz"
"qpdf/fuzz/qpdf_extra/5828408539152384.fuzz","4BB5F36C6433674022754594F4DA3728608F5A25D05BA161790A4A3388BD56B9","1707","fuzz","qpdf","c37f83ae468abb6cc741f43b2f6fdeb66e550ffb","fuzz/qpdf_extra/5828408539152384.fuzz"
"qpdf/fuzz/qpdf_extra/6310410941956096.fuzz","9B4AAC58C8BF616301A1DAC72910D88DA8EB38660FAB0DE767FCAE3293E4B78C","950","fuzz","qpdf","c37f83ae468abb6cc741f43b2f6fdeb66e550ffb","fuzz/qpdf_extra/6310410941956096.fuzz"
"qpdf/fuzz/qpdf_extra/6322553212960768.fuzz","458540ABE19C21AF9BF1AA0B1F6661EA7ECA9CABE69233C628CFDC980CAF6D9A","2257","fuzz","qpdf","c37f83ae468abb6cc741f43b2f6fdeb66e550ffb","fuzz/qpdf_extra/6322553212960768.fuzz"
"qpdf/fuzz/qpdf_extra/6489005569146880.fuzz","5B48A40512AFBAE2AC8C249862FA05AEFBC46B1ED803E33957F7D11268BD9D83","318844","fuzz","qpdf","c37f83ae468abb6cc741f43b2f6fdeb66e550ffb","fuzz/qpdf_extra/6489005569146880.fuzz"
"qpdf/fuzz/qpdf_extra/65681.fuzz","D11C45FC1576BA422FE32EC7CEA9F0B327CCC0FA86ED36F1432825928562A2C4","60590","fuzz","qpdf","c37f83ae468abb6cc741f43b2f6fdeb66e550ffb","fuzz/qpdf_extra/65681.fuzz"
"qpdf/fuzz/qpdf_extra/65773.fuzz","E210B8D71E57F7F3B1DA25AD49985DFDF06201A677E03B385CB66D6F432688FA","43","fuzz","qpdf","c37f83ae468abb6cc741f43b2f6fdeb66e550ffb","fuzz/qpdf_extra/65773.fuzz"
"qpdf/fuzz/qpdf_extra/65777.fuzz","BC4A3169218F7051E26630A78FB0832392010242D75090CF271293BE202CFD0A","67","fuzz","qpdf","c37f83ae468abb6cc741f43b2f6fdeb66e550ffb","fuzz/qpdf_extra/65777.fuzz"
"qpdf/fuzz/qpdf_extra/68374.fuzz","36AA5B1036F2D3808DEC36DBFB4FEE057B2F958205AA7B510ECA809216BF0629","392","fuzz","qpdf","c37f83ae468abb6cc741f43b2f6fdeb66e550ffb","fuzz/qpdf_extra/68374.fuzz"
"qpdf/fuzz/qpdf_extra/68377.fuzz","D2796CFAC6AA1D9640B985C7EFDCBA41ACD153C5EE812160600F816251DB9AA7","124","fuzz","qpdf","c37f83ae468abb6cc741f43b2f6fdeb66e550ffb","fuzz/qpdf_extra/68377.fuzz"
"qpdf/fuzz/qpdf_extra/68668.fuzz","05935D3B51F25D96ADF0A67E7C7E2F022E28D30BC11747B29856E60241E755A5","33453","fuzz","qpdf","c37f83ae468abb6cc741f43b2f6fdeb66e550ffb","fuzz/qpdf_extra/68668.fuzz"
"qpdf/fuzz/qpdf_extra/68915.fuzz","8F4DD71FECF154BD937C85750E411DC2C7242F99BDB0A45078C073E7B25BCA90","132856","fuzz","qpdf","c37f83ae468abb6cc741f43b2f6fdeb66e550ffb","fuzz/qpdf_extra/68915.fuzz"
"qpdf/fuzz/qpdf_extra/69857.fuzz","45FC1289D95A653A7083BA7FD90C895EBD5E2192A767697A333BADA8DA6B3B51","53677","fuzz","qpdf","c37f83ae468abb6cc741f43b2f6fdeb66e550ffb","fuzz/qpdf_extra/69857.fuzz"
"qpdf/fuzz/qpdf_extra/69913.fuzz","2F38D7E09274AD31322C29B41E301C414E8192E9F9FC329E810F03E55D5D7866","918","fuzz","qpdf","c37f83ae468abb6cc741f43b2f6fdeb66e550ffb","fuzz/qpdf_extra/69913.fuzz"
"qpdf/fuzz/qpdf_extra/69969.fuzz","083E9DB240E1CA9C9101F75CF670A83C369BA774F07F5A8C2E25C9042B774C3F","11828","fuzz","qpdf","c37f83ae468abb6cc741f43b2f6fdeb66e550ffb","fuzz/qpdf_extra/69969.fuzz"
"qpdf/fuzz/qpdf_extra/69977.fuzz","5AB5693D1D9207BB5E6F2C36F0F132A6F2F5C4C0C31981DE031346C8F3A8915E","28858","fuzz","qpdf","c37f83ae468abb6cc741f43b2f6fdeb66e550ffb","fuzz/qpdf_extra/69977.fuzz"
"qpdf/fuzz/qpdf_extra/69977a.fuzz","AD8F9BFFE92F85AAED9B3671984A6C658B520201B286F7F9A845D7B836EEAF6D","230121","fuzz","qpdf","c37f83ae468abb6cc741f43b2f6fdeb66e550ffb","fuzz/qpdf_extra/69977a.fuzz"
"qpdf/fuzz/qpdf_extra/69977b.fuzz","E42B1BC9987D82F1C8A142C42E7E7B4E9472C0232D7834069477177CC6D41ED9","52851","fuzz","qpdf","c37f83ae468abb6cc741f43b2f6fdeb66e550ffb","fuzz/qpdf_extra/69977b.fuzz"
"qpdf/fuzz/qpdf_extra/69977c.fuzz","5AC1E4326BD16D24DD370F11C61347D3E9A8E4FE6539CC4DBB19B785FB9887C8","92316","fuzz","qpdf","c37f83ae468abb6cc741f43b2f6fdeb66e550ffb","fuzz/qpdf_extra/69977c.fuzz"
"qpdf/fuzz/qpdf_extra/69977d.fuzz","A3615D769231CFD6373A1203BBB7DD5D03C5DA8515C1F61124D4CB207E0B0093","376010","fuzz","qpdf","c37f83ae468abb6cc741f43b2f6fdeb66e550ffb","fuzz/qpdf_extra/69977d.fuzz"
"qpdf/fuzz/qpdf_extra/69977e.fuzz","D35136962510C1E6DFD91ADF14E3C78AC5C583FB86F3202D1295D7DEC3F6CAFE","822178","fuzz","qpdf","c37f83ae468abb6cc741f43b2f6fdeb66e550ffb","fuzz/qpdf_extra/69977e.fuzz"
"qpdf/fuzz/qpdf_extra/70055.fuzz","78F5D4548882268E1BD8224810D7314AA9C7D3287D13E35FC366070AB05758CD","4336","fuzz","qpdf","c37f83ae468abb6cc741f43b2f6fdeb66e550ffb","fuzz/qpdf_extra/70055.fuzz"
"qpdf/fuzz/qpdf_extra/70245.fuzz","E3B0C44298FC1C149AFBF4C8996FB92427AE41E4649B934CA495991B7852B855","0","fuzz","itext-java","732d6c756417d6b7fccbc043bffbbfd8bbe5b789","sources\itext\pdfs\itext-java-732d6c756417d6b7fccbc043bffbbfd8bbe5b789\kernel\src\test\resources\com\itextpdf\kernel\pdf\PdfReaderTest\emptyPdf.pdf"
"qpdf/fuzz/qpdf_extra/70306.fuzz","351FF5D015138FD71A8EBCC757744A5CF1437D62F67743856F49F0414ED70AD5","262144","fuzz","qpdf","c37f83ae468abb6cc741f43b2f6fdeb66e550ffb","fuzz/qpdf_extra/70306.fuzz"
"qpdf/fuzz/qpdf_extra/70306a.fuzz","F6768AC41928ADBBCE74A32BA3DCF570C3BA2A9A8F2A2BB79B48953FD4B59C86","341159","fuzz","qpdf","c37f83ae468abb6cc741f43b2f6fdeb66e550ffb","fuzz/qpdf_extra/70306a.fuzz"
"qpdf/fuzz/qpdf_extra/70306b.fuzz","86C53176BDA361F8D91D575497E9AC3E3EEBB8858B41BFED133E869A8630AF22","243636","fuzz","qpdf","c37f83ae468abb6cc741f43b2f6fdeb66e550ffb","fuzz/qpdf_extra/70306b.fuzz"
"qpdf/fuzz/qpdf_extra/71624.fuzz","FE4E804419432765ED8EE2137330AD794B702AC499116FCF425C57C7EFADDD3B","14735","fuzz","qpdf","c37f83ae468abb6cc741f43b2f6fdeb66e550ffb","fuzz/qpdf_extra/71624.fuzz"
"qpdf/fuzz/qpdf_extra/71689.fuzz","F56CC2CE630BC365EA84AE213292B9263BA590088A4593EAD6AF8A2FF222620D","205987","fuzz","qpdf","c37f83ae468abb6cc741f43b2f6fdeb66e550ffb","fuzz/qpdf_extra/71689.fuzz"
"qpdf/fuzz/qpdf_extra/99999d.fuzz","A327E34DAA8FD9F00C0A1E06DEDE2A233272749400ACE019034621AB9C24855A","5408","fuzz","qpdf","c37f83ae468abb6cc741f43b2f6fdeb66e550ffb","fuzz/qpdf_extra/99999d.fuzz"
"qpdf/fuzz/qpdf_extra/99999e.fuzz","62B24565F15B25B64E7CE01E0FE0C324DDFD4F13DE34857735B4BD7758CBCC3E","554938","fuzz","qpdf","c37f83ae468abb6cc741f43b2f6fdeb66e550ffb","fuzz/qpdf_extra/99999e.fuzz"
