"Version","Collection","Run","Measured","Seconds","Saved","Failed","SuccessfulPerSecond","ExitCode"
"1.8.71","public-regression","warmup-baseline","False","245.464","15171","292","61.81","1"
"1.8.80","public-regression","warmup-candidate","False","247.069","15171","292","61.4","1"
"1.8.71","public-regression","run-1-baseline","True","236.24","15171","292","64.22","1"
"1.8.80","public-regression","run-1-candidate","True","234.897","15171","292","64.59","1"
"1.8.80","public-regression","run-2-candidate","True","234.675","15171","292","64.65","1"
"1.8.71","public-regression","run-2-baseline","True","234.392","15171","292","64.72","1"
"1.8.71","public-regression","run-3-baseline","True","234.086","15171","292","64.81","1"
"1.8.80","public-regression","run-3-candidate","True","236.493","15171","292","64.15","1"
"1.8.80","public-regression","run-4-candidate","True","238.754","15171","292","63.54","1"
"1.8.71","public-regression","run-4-baseline","True","237.49","15171","292","63.88","1"
"1.8.71","public-regression","run-5-baseline","True","234.161","15171","292","64.79","1"
"1.8.80","public-regression","run-5-candidate","True","239.253","15171","292","63.41","1"
"1.8.71","public-standards","warmup-baseline","False","12.251","377","37","30.77","1"
"1.8.80","public-standards","warmup-candidate","False","5.628","377","37","66.98","1"
"1.8.71","public-standards","run-1-baseline","True","5.819","377","37","64.79","1"
"1.8.80","public-standards","run-1-candidate","True","5.881","377","37","64.11","1"
"1.8.80","public-standards","run-2-candidate","True","5.571","377","37","67.67","1"
"1.8.71","public-standards","run-2-baseline","True","5.39","377","37","69.95","1"
"1.8.71","public-standards","run-3-baseline","True","5.77","377","37","65.33","1"
"1.8.80","public-standards","run-3-candidate","True","5.706","377","37","66.07","1"
"1.8.80","public-standards","run-4-candidate","True","5.899","377","37","63.91","1"
"1.8.71","public-standards","run-4-baseline","True","5.765","377","37","65.4","1"
"1.8.71","public-standards","run-5-baseline","True","5.524","377","37","68.24","1"
"1.8.80","public-standards","run-5-candidate","True","5.785","377","37","65.17","1"
"1.8.71","private-stress","warmup-baseline","False","596.501","25015","1627","41.94","1"
"1.8.80","private-stress","warmup-candidate","False","567.75","25015","1627","44.06","1"
"1.8.71","private-stress","run-1-baseline","True","562.338","25015","1627","44.48","1"
"1.8.80","private-stress","run-1-candidate","True","563.538","25015","1627","44.39","1"
"1.8.80","private-stress","run-2-candidate","True","561.951","25015","1627","44.51","1"
"1.8.71","private-stress","run-2-baseline","True","572.259","25015","1627","43.71","1"
"1.8.71","private-stress","run-3-baseline","True","563.532","25015","1627","44.39","1"
"1.8.80","private-stress","run-3-candidate","True","574.517","25015","1627","43.54","1"
"1.8.80","private-stress","run-4-candidate","True","568.08","25015","1627","44.03","1"
"1.8.71","private-stress","run-4-baseline","True","566.869","25015","1627","44.13","1"
"1.8.71","private-stress","run-5-baseline","True","568.141","25015","1627","44.03","1"
"1.8.80","private-stress","run-5-candidate","True","562.595","25015","1627","44.46","1"
