File,Status,Detail
bfo-pdfa\pdfa2-6-1-13-bfo-t01-fail.pdf,OK,
bfo-pdfa\pdfa2-6-1-13-bfo-t02-fail.pdf,OK,
bfo-pdfa\pdfa2-6-1-13-bfo-t03-fail.pdf,OK,
bfo-pdfa\pdfa2-6-1-13-bfo-t04-fail.pdf,OK,
bfo-pdfa\pdfa2-6-1-13-bfo-t05-fail.pdf,OK,
bfo-pdfa\pdfa2-6-1-13-bfo-t06-pass.pdf,OK,
bfo-pdfa\pdfa2-6-1-13-bfo-t07-pass.pdf,OK,
bfo-pdfa\pdfa2-6-1-13-bfo-t08-pass.pdf,OK,
bfo-pdfa\pdfa2-6-1-13-bfo-t09-fail.pdf,OK,
bfo-pdfa\pdfa2-6-1-13-bfo-t10-fail.pdf,OK,
bfo-pdfa\pdfa2-6-1-13-bfo-t11-fail.pdf,OK,
bfo-pdfa\pdfa2-6-1-2-bfo-t01-fail.pdf,OK,
bfo-pdfa\pdfa2-6-1-5-bfo-t01-pass.pdf,OK,
bfo-pdfa\pdfa2-6-1-7-2-bfo-t01-fail.pdf,OK,
bfo-pdfa\pdfa2-6-10-bfo-t01-fail.pdf,SKIP,open failed: Trailer /Size must be greater than every in-use object number (byte offset 324490).
bfo-pdfa\pdfa2-6-10-bfo-t02-fail.pdf,OK,
bfo-pdfa\pdfa2-6-11-bfo-t01-fail.pdf,OK,
bfo-pdfa\pdfa2-6-2-11-6-bfo-t01-pass.pdf,OK,
bfo-pdfa\pdfa2-6-2-11-6-bfo-t02-fail.pdf,OK,
bfo-pdfa\pdfa2-6-3-2-bfo-t01-pass.pdf,OK,
bfo-pdfa\pdfa2-6-3-2-bfo-t02-fail.pdf,OK,
bfo-pdfa\pdfa2-6-3-3-bfo-t01-fail.pdf,OK,
bfo-pdfa\pdfa2-6-3-3-bfo-t02-pass.pdf,OK,
bfo-pdfa\pdfa2-6-4-2-bfo-t01-fail.pdf,OK,
bfo-pdfa\pdfa2-6-8-bfo-t01-pass.pdf,OK,
bfo-pdfa\pdfa2-6-8-bfo-t02-pass.pdf,OK,
bfo-pdfa\pdfa2-6-8-bfo-t03-fail.pdf,OK,
bfo-pdfa\pdfa2-6-8-bfo-t04-fail.pdf,OK,
bfo-pdfa\pdfa2-6-8-bfo-t05-fail.pdf,OK,
bfo-pdfa\pdfa2-6-9-bfo-t01-fail.pdf,OK,
bfo-pdfa\pdfa2-6-9-bfo-t02-fail.pdf,OK,
bfo-pdfa\pdfa2-6-9-bfo-t03-fail.pdf,OK,
bfo-pdfa\pdfa2-6-9-bfo-t04-fail.pdf,OK,
pdf-cos-syntax\CompactedPDFSyntaxTest.pdf,FAIL,save failed: Token Keyword cannot begin a PDF object (byte offset 1572).
pdf-cos-syntax\SyntaxChecker-INVALID.pdf,FAIL,save failed: A full rewrite requires trailer /Info to be an indirect reference.
pdf20-examples\PDF 2.0 image with BPC.pdf,OK,
pdf20-examples\PDF 2.0 UTF-8 string and annotation.pdf,OK,
pdf20-examples\PDF 2.0 via incremental save.pdf,OK,
pdf20-examples\PDF 2.0 with offset start.pdf,SKIP,open failed: An indirect object header must end with the obj keyword (byte offset 4260).
pdf20-examples\PDF 2.0 with page level output intent.pdf,OK,
pdf20-examples\pdf20-utf8-test.pdf,OK,
pdf20-examples\Simple PDF 2.0 file.pdf,OK,
color\altona\altonatestsuite_documentation_eng.pdf,FAIL,save failed: Trailer /Root value contains a stale indirect reference.
color\altona\altona_measure_1v1a.pdf,OK,
color\altona\altona_technical_1v2_x3.pdf,OK,
color\altona\eci_altona-test-suite-v2_technical2_one-patch-per-page_x4.pdf,OK,
pdf-differences\Atomic-Fill+Stroke\FillStrokeOrdering.pdf,OK,
pdf-differences\Atomic-Fill+Stroke\SelfIntersecting-Opaque.pdf,OK,
pdf-differences\Atomic-Fill+Stroke\SelfIntersecting-Transparency.pdf,OK,
pdf-differences\ColorBurn-ColorDodge\ColorBurn.pdf,OK,
pdf-differences\ColorBurn-ColorDodge\ColorDodge.pdf,OK,
pdf-differences\Dashing-Degenerate\DegenerateDashing.pdf,OK,
pdf-differences\Dashing-EndBeforeBend\Dashing-EndBeforeBend.pdf,OK,
pdf-differences\Dashing-EndBeforeBend\Dashing-EndBeforeBend2.pdf,OK,
pdf-differences\DefaultColorSpaces\DefaultRGBColourSpaces-inherit.pdf,OK,
pdf-differences\DefaultColorSpaces\DefaultRGBColourSpaces.pdf,OK,
pdf-differences\LargeMitreLimit\LargeMitreLimit-Beziers.pdf,OK,
pdf-differences\LargeMitreLimit\LargeMitreLimit.pdf,OK,
pdf-differences\LineCap-Degenerate\LineCap-Degenerate.pdf,OK,
pdf-differences\Negative-DashPhase\CutHereExample.pdf,OK,
pdf-differences\Negative-DashPhase\Negative-DashPhase.pdf,OK,
pdf-differences\NegativeFontSize\NegativeFontSize.pdf,OK,
pdf-differences\OverlappingGlyphClipping\OverlappingGlyphClipping.pdf,OK,
pdf-differences\PageLabels-UX\PageLabelsTest.pdf,OK,
pdf-differences\PDF-version\PDF-versions1.pdf,SKIP,open failed: Cross-reference object 1 has an invalid generation transition across incremental revisions (byte offset 886).
pdf-differences\PDF-version\PDF-versions2.pdf,SKIP,open failed: Cross-reference object 1 has an invalid generation transition across incremental revisions (byte offset 886).
pdf-differences\PDF-version\PDF-versions3.pdf,SKIP,open failed: Cross-reference object 1 has an invalid generation transition across incremental revisions (byte offset 1075).
pdf-differences\TextClipModeChanges\TextClippingModeChanges.pdf,OK,
pdf-differences\UnknownFilter\382252277877c00a92f3bb54daef1413bafe5557e2f5f7c32c23e800cd9bdcd4.pdf,OK,
pdf-differences\UnknownFilter\4387ba480c6f935b8e97749d40b3c001ad584b7bda66ca2c040be67337669497.pdf,OK,
pdf-differences\UnknownFilter\UnknownFilter-Font.pdf,SKIP,open failed: PDF 3.1 is not a defined PDF version.
pdf-differences\UnknownFilter\UnknownFilter-FormXObject.pdf,SKIP,open failed: PDF 3.7 is not a defined PDF version.
pdf-differences\UnknownFilter\UnknownFilter-ICC.pdf,SKIP,open failed: PDF 3.8 is not a defined PDF version.
pdf-differences\UnknownFilter\UnknownFilter-ImageXObject.pdf,SKIP,open failed: PDF 3.2 is not a defined PDF version.
pdf-differences\UnknownFilter\UnknownFilter-Linearized.pdf,SKIP,open failed: PDF 3.4 is not a defined PDF version.
pdf-differences\UnknownFilter\UnknownFilter-objstm.pdf,SKIP,open failed: PDF 3.6 is not a defined PDF version.
pdf-differences\UnknownFilter\UnknownFilter-OutlineObjStm.pdf,SKIP,open failed: PDF 3.9 is not a defined PDF version.
pdf-differences\UnknownFilter\UnknownFilter-PageContentStream.pdf,SKIP,open failed: PDF 3.3 is not a defined PDF version.
pdf-differences\UnknownFilter\UnknownFilter-xrefstm.pdf,SKIP,open failed: PDF 3.5 is not a defined PDF version.
pdf-differences\VerticalText\VerticalText.pdf,OK,
safedocs\CompactedSyntax\CompactedPDFSyntaxMatrix.pdf,OK,
safedocs\CompactedSyntax\CompactedPDFSyntaxTest.pdf,FAIL,save failed: Token Keyword cannot begin a PDF object (byte offset 1564).
safedocs\Dialects\Dialect-ContentStreams.pdf,OK,
safedocs\Dialects\Dialect-ContentStreamsViaResourceNames.pdf,OK,
safedocs\Dialects\Dialect-ContentStreamsWithIndirectRefs.pdf,OK,
safedocs\Dialects\Dialect-DictIsStream.pdf,FAIL,save failed: Trailer /Root value contains a stale indirect reference.
safedocs\Dialects\Dialect-StreamIsDict.pdf,OK,
safedocs\Miscellaneous Targeted Test PDFs\Dual-startxref.pdf,OK,
safedocs\Miscellaneous Targeted Test PDFs\FontinsideType3insideType3.pdf,SKIP,"open failed: An xref generation must be between 0 and 65,535 (byte offset 1682)."
safedocs\Miscellaneous Targeted Test PDFs\LinkAnnot-appearances.pdf,OK,
safedocs\Miscellaneous Targeted Test PDFs\list-of-uri-actions-with-base.pdf,OK,
safedocs\Miscellaneous Targeted Test PDFs\list-of-uri-actions.pdf,OK,
safedocs\Miscellaneous Targeted Test PDFs\PatternTextInsideText.pdf,SKIP,"open failed: An xref generation must be between 0 and 65,535 (byte offset 1059)."
safedocs\Miscellaneous Targeted Test PDFs\PDF-NoPageContents.pdf,OK,
safedocs\Miscellaneous Targeted Test PDFs\uri-ismap-test.pdf,OK,
safedocs\Miscellaneous Targeted Test PDFs\utf16LE-test.pdf,SKIP,"open failed: An xref generation must be between 0 and 65,535 (byte offset 13776)."
validation\synthetic-pdf-testset\T01_001_header-invalid-major-version.pdf,OK,
validation\synthetic-pdf-testset\T01_002_header-invalid-minor-version.pdf,OK,
validation\synthetic-pdf-testset\T01_003_header-no-minor-version.pdf,SKIP,open failed: The PDF header does not contain a valid major.minor version.
validation\synthetic-pdf-testset\T01_004_header_invalid-syntax-no-dash.pdf,SKIP,"open failed: A PDF header was not found in the first 1,024 bytes."
validation\synthetic-pdf-testset\T01_005_header-invalid-syntax-replace-char.pdf,SKIP,"open failed: A PDF header was not found in the first 1,024 bytes."
validation\synthetic-pdf-testset\T01_006_header-invalid-syntax-no-pdf.pdf,SKIP,"open failed: A PDF header was not found in the first 1,024 bytes."
validation\synthetic-pdf-testset\T01_007_header-no-version-info.pdf,SKIP,"open failed: A PDF header was not found in the first 1,024 bytes."
validation\synthetic-pdf-testset\T02-01_001_document-catalog-No-document-catalog.pdf,SKIP,open failed: An indirect object must begin with an object number (byte offset 453).
validation\synthetic-pdf-testset\T02-01_002_document-catalog-wrong-object-number.pdf,FAIL,save failed: Cross-reference entry 5 0 points to object 6 0 (byte offset 402).
validation\synthetic-pdf-testset\T02-01_003_document-catalog-indirecte-pages-reference-missing.pdf,SKIP,open failed: An indirect object header must end with the obj keyword (byte offset 466).
validation\synthetic-pdf-testset\T02-01_004_document-catalog-incorrect-pages-reference.pdf,FAIL,save failed: Trailer /Root value contains a stale indirect reference.
validation\synthetic-pdf-testset\T02-01_005_document-catalog-type-key-missing.pdf,SKIP,open failed: An indirect object header must end with the obj keyword (byte offset 466).
validation\synthetic-pdf-testset\T02-01_006_document-catalog-wrong-type-key.pdf,SKIP,open failed: An indirect object must begin with an object number (byte offset 452).
validation\synthetic-pdf-testset\T02-01_007_document-catalog-type-key-value-pair-missing.pdf,SKIP,open failed: An indirect object header must end with the obj keyword (byte offset 463).
validation\synthetic-pdf-testset\T02-02_001_no-page-tree-node.pdf,SKIP,open failed: An indirect object header must end with the obj keyword (byte offset 466).
validation\synthetic-pdf-testset\T02-02_002_page-tree-kids-links-recursive.pdf,OK,
validation\synthetic-pdf-testset\T02-02_003_page-tree-different-kids.pdf,SKIP,open failed: An indirect object must begin with an object number (byte offset 452).
validation\synthetic-pdf-testset\T02-02_004_page-tree-non-existing-object-as-kid.pdf,FAIL,save failed: Trailer /Root value contains a stale indirect reference.
validation\synthetic-pdf-testset\T02-02_005_page-tree-no-kids.pdf,SKIP,open failed: An indirect object header must end with the obj keyword (byte offset 465).
validation\synthetic-pdf-testset\T02-02_006_page-tree-no-type.pdf,SKIP,open failed: An indirect object header must end with the obj keyword (byte offset 466).
validation\synthetic-pdf-testset\T02-02_007_page-tree-wrong-count.pdf,OK,
validation\synthetic-pdf-testset\T02-02_008_page-tree-node-no-count.pdf,SKIP,open failed: An indirect object header must end with the obj keyword (byte offset 470).
validation\synthetic-pdf-testset\T02-02_009_page-tree-wrong-type.pdf,OK,
validation\synthetic-pdf-testset\T02-03_001_page-object-no-type.pdf,SKIP,open failed: An indirect object header must end with the obj keyword (byte offset 467).
validation\synthetic-pdf-testset\T02-03_002_page-object-wrong-type.pdf,OK,
validation\synthetic-pdf-testset\T02-03_003_page-object-no-parent.pdf,SKIP,open failed: An indirect object header must end with the obj keyword (byte offset 465).
validation\synthetic-pdf-testset\T02-03_004_page-object-wrong-parent.pdf,OK,
validation\synthetic-pdf-testset\T02-03_005_page-object-parent-contains-array.pdf,SKIP,open failed: An indirect object must begin with an object number (byte offset 453).
validation\synthetic-pdf-testset\T02-03_006_page-object-missing.pdf,SKIP,open failed: An indirect object header must end with the obj keyword (byte offset 471).
validation\synthetic-pdf-testset\T02-03_007_page-object-resources-wrong-object.pdf,OK,
validation\synthetic-pdf-testset\T02-03_008_page-object-mediabox-missing.pdf,SKIP,open failed: An indirect object must include a generation number (byte offset 455).
validation\synthetic-pdf-testset\T02-03_009_page-object-mediabox-not-rectangle.pdf,SKIP,open failed: An indirect object must begin with an object number (byte offset 452).
validation\synthetic-pdf-testset\T02-03_010_page-object-missing-contents.pdf,SKIP,open failed: An indirect object header must end with the obj keyword (byte offset 461).
validation\synthetic-pdf-testset\T02-03_011_page-object-wrong-contents-reference.pdf,FAIL,save failed: Trailer /Root value contains a stale indirect reference.
validation\synthetic-pdf-testset\T02-03_012_page-object-resources-missing.pdf,SKIP,open failed: An indirect object header must end with the obj keyword (byte offset 462).
validation\synthetic-pdf-testset\T02-04-01_001_resources-basefont-missing.pdf,SKIP,open failed: An indirect object must include a generation number (byte offset 455).
validation\synthetic-pdf-testset\T02-04-01_002_resources-basefont-wrong-font.pdf,SKIP,open failed: An indirect object must begin with an object number (byte offset 452).
validation\synthetic-pdf-testset\T02-04-01_003_resources-type-missing.pdf,SKIP,open failed: An indirect object header must end with the obj keyword (byte offset 467).
validation\synthetic-pdf-testset\T02-04-01_004_resources-wrong-declaration-type.pdf,OK,
validation\synthetic-pdf-testset\T02-04-01_005_resources-subtype-missing.pdf,SKIP,open failed: An indirect object header must end with the obj keyword (byte offset 463).
validation\synthetic-pdf-testset\T02-04-01_006_resources_subtype_wrong.pdf,OK,
validation\synthetic-pdf-testset\T02-05-01_001_Stream-BT-missing.pdf,SKIP,open failed: An indirect object must begin with an object number (byte offset 452).
validation\synthetic-pdf-testset\T02-05-01_002_Stream-ET-missing.pdf,SKIP,open failed: An indirect object must begin with an object number (byte offset 452).
validation\synthetic-pdf-testset\T02-05-01_003_Stream-BT-and-ET-missing.pdf,SKIP,open failed: An indirect object must begin with an object number (byte offset 452).
validation\synthetic-pdf-testset\T02-05-01_004_Font-name-operator--missing.pdf,SKIP,open failed: An indirect object must begin with an object number (byte offset 452).
validation\synthetic-pdf-testset\T02-05-01_005_invalid-Font-name-operator.pdf,OK,
validation\synthetic-pdf-testset\T02-05-01_006_font-size-operator-missing.pdf,SKIP,open failed: An indirect object must begin with an object number (byte offset 452).
validation\synthetic-pdf-testset\T02-05-01_007_invalid-font-size-operator.pdf,SKIP,open failed: An indirect object must begin with an object number (byte offset 452).
validation\synthetic-pdf-testset\T02-05-01_008_Font-set-operator-missing.pdf,SKIP,open failed: An indirect object must begin with an object number (byte offset 452).
validation\synthetic-pdf-testset\T02-05-01_009_Missing_open_paranthesis.pdf,OK,
validation\synthetic-pdf-testset\T02-05-01_010_Missing_closing_paranthesis.pdf,OK,
validation\synthetic-pdf-testset\T02-05-01_011_paranthesis-substituted-with-brackets.pdf,OK,
validation\synthetic-pdf-testset\T02-05-01_012_text-show-operator-missing.pdf,SKIP,open failed: An indirect object must begin with an object number (byte offset 452).
validation\synthetic-pdf-testset\T02-05-01_013_stream-keyword-missing.pdf,SKIP,open failed: An indirect object header must end with the obj keyword (byte offset 456).
validation\synthetic-pdf-testset\T02-05-01_014_endstream-keyword-missing.pdf,SKIP,open failed: An indirect object header must end with the obj keyword (byte offset 469).
validation\synthetic-pdf-testset\T02-05-01_015_invalid-stream-length-in-dictionary.pdf,SKIP,open failed: An indirect object must begin with an object number (byte offset 452).
validation\synthetic-pdf-testset\T02-05-01_016_stream-length-missing-in-dictionary.pdf,SKIP,open failed: An indirect object header must end with the obj keyword (byte offset 468).
validation\synthetic-pdf-testset\T02-05-01_017_bytes-between-endstream-endobj.pdf,SKIP,open failed: An indirect object must begin with an object number (byte offset 452).
validation\synthetic-pdf-testset\T02-05-01_018_position-information-missing.pdf,SKIP,open failed: An indirect object must include a generation number (byte offset 455).
validation\synthetic-pdf-testset\T03_001_no-cross-reference-table.pdf,SKIP,open failed: An indirect object must begin with an object number (byte offset 453).
validation\synthetic-pdf-testset\T03_002_xref-keyword-missing.pdf,SKIP,open failed: An indirect object header must end with the obj keyword (byte offset 457).
validation\synthetic-pdf-testset\T03_003_number-of-entries-missing.pdf,SKIP,open failed: An xref subsection must include an entry count (byte offset 477).
validation\synthetic-pdf-testset\T03_004_number-of-entries-too-many.pdf,SKIP,open failed: An xref entry must begin with a numeric field (byte offset 581).
validation\synthetic-pdf-testset\T03_005_number-of-entries-too-few.pdf,SKIP,open failed: An xref subsection must begin with an object number (byte offset 538).
validation\synthetic-pdf-testset\T03_006_offset_missing.pdf,SKIP,open failed: An xref subsection must begin with an object number (byte offset 538).
validation\synthetic-pdf-testset\T03_007_offset_wrong.pdf,FAIL,save failed: An indirect object must begin with an object number (byte offset 122).
validation\synthetic-pdf-testset\T03_008_entry-offset-too-short.pdf,OK,
validation\synthetic-pdf-testset\T03_009_invalid-keyword-entry.pdf,SKIP,open failed: An xref entry must end with n or f (byte offset 518).
validation\synthetic-pdf-testset\T03_010_wrong-generation-number.pdf,FAIL,save failed: Cross-reference entry 2 10000 points to object 2 0 (byte offset 74).
validation\synthetic-pdf-testset\T04_001_EOF-not-standalone.pdf,SKIP,open failed: The startxref offset is not followed by whitespace (byte offset 629).
validation\synthetic-pdf-testset\T04_002_EOF-missing.pdf,SKIP,open failed: The startxref declaration is not followed by %%EOF (byte offset 631).
validation\synthetic-pdf-testset\T04_003_EOF-incomplete-EO.pdf,SKIP,open failed: The startxref declaration is not followed by %%EOF (byte offset 633).
validation\synthetic-pdf-testset\T04_004_EOF-incomplete_EOF.pdf,SKIP,open failed: The startxref declaration is not followed by %%EOF (byte offset 630).
validation\synthetic-pdf-testset\T04_005_EOF-followed-by-junk-data.pdf,OK,
validation\synthetic-pdf-testset\T04_006_premature-EOF.pdf,SKIP,open failed: An indirect object must begin with an object number (byte offset 452).
validation\synthetic-pdf-testset\T04_007_premature-EOF-only.pdf,SKIP,open failed: The startxref declaration is not followed by %%EOF (byte offset 637).
validation\synthetic-pdf-testset\T04_008_trailer-no-trailer-keyword.pdf,SKIP,open failed: An xref subsection must begin with an object number (byte offset 583).
validation\synthetic-pdf-testset\T04_009_trailer-no-opening-brackets.pdf,SKIP,open failed: A classic xref trailer must be a dictionary (byte offset 588).
validation\synthetic-pdf-testset\T04_010_trailer-no-closing-brackets.pdf,SKIP,open failed: A PDF dictionary key must be a name (byte offset 614).
validation\synthetic-pdf-testset\T04_011_trailer-no-root-key-value-pair.pdf,FAIL,save failed: A full rewrite requires a trailer /Root reference.
validation\synthetic-pdf-testset\T04_012_trailer-root-no-indirect-reference.pdf,SKIP,open failed: A PDF dictionary key must be a name (byte offset 601).
validation\synthetic-pdf-testset\T04_013_trailer-root-invalid-indirect-reference.pdf,SKIP,open failed: A PDF dictionary key must be a name (byte offset 601).
validation\synthetic-pdf-testset\T04_014_trailer-root-indirect-reference-to-wrong-object.pdf,FAIL,save failed: A full rewrite requires trailer /Root to resolve to a catalog dictionary.
validation\synthetic-pdf-testset\T04_015_trailer-no-size-key-value-pair.pdf,SKIP,open failed: The cross-reference dictionary is missing /Size (byte offset 581).
validation\synthetic-pdf-testset\T04_016_trailer-wrong-size-key-value-pair.pdf,SKIP,open failed: Trailer /Size must be greater than every in-use object number (byte offset 581).
validation\synthetic-pdf-testset\T04_017_trailer-no-startxref-keyword.pdf,SKIP,open failed: The PDF does not contain a final startxref declaration (byte offset 626).
validation\synthetic-pdf-testset\T04_018_trailer-no-xref-byte-offset.pdf,SKIP,open failed: The startxref declaration does not contain a byte offset (byte offset 633).
validation\synthetic-pdf-testset\T04_019_trailer-wrong-xref-byte-offset.pdf,SKIP,open failed: An indirect object must begin with an object number (byte offset 45).
pdfua-techniques\headings\H_01-Top-level-heading-correctly-tagged-as-H1\UA1_Tpdf-H_01.pdf,OK,
pdfua-techniques\headings\H_02-Multiline-heading-correctly-tagged\UA1_Tpdf-H_02.pdf,OK,
pdfua-techniques\headings\H_03-Headings-with-different-levels-correctly-tagged\UA1_Tpdf-H_03.pdf,OK,
pdfua-techniques\headings\H_04-Image-correctly-tagged-as-heading\UA1_Tpdf-H_04.pdf,OK,
pdfua-techniques\headings\H_05-Heading-levels-correctly-not-skipped\UA1_Tpdf-H_05.pdf,OK,
pdfua-techniques\headings\H_06-Subtitle-correctly-tagged\UA1_Tpdf-H_06.pdf,OK,
pdfua-techniques\headings\H_07-Title-in-page-content-correctly-tagged\UA1_Tpdf-H_07.pdf,OK,
pdfua-techniques\headings\H_08-Heading-level-7-correctly-rolemapped-to-P\UA1_Tpdf-H_08.pdf,OK,
pdfua-techniques\headings\H_09-Heading-level-7-correctly-rolemapped-to-H6\UA1_Tpdf-H_09.pdf,OK,
pdfua-techniques\headings\H_F01-Top-level-heading-incorrectly-tagged-as-P-instead-of-H1\UA1_Tpdf-H_F01.pdf,OK,
pdfua-techniques\headings\H_F02-Multiline-heading-incorrectly-tagged\UA1_Tpdf-H_F02.pdf,OK,
pdfua-techniques\headings\H_F03-Paragraph-incorrectly-tagged-as-H2\UA1_Tpdf-H_F03.pdf,OK,
pdfua-techniques\headings\H_F04-Incorrect-use-of-headings-instead-of-table-header-cells\UA1_Tpdf-H_F04.pdf,OK,
pdfua-techniques\headings\H_F05-First-level-heading-incorrectly-tagged-as-H3-instead-of-H1\UA1_Tpdf-H_F05.pdf,OK,
pdfua-techniques\headings\H_F06-Incorrect-combined-use-of-Hn-and-H-tags-for-headings\UA1_Tpdf-H_F06.pdf,OK,
pdfua-techniques\headings\H_F07-Both-title-and-top-level-headings-incorrectly-tagged-as-H1\UA1_Tpdf-H_F07.pdf,OK,
pdfua-techniques\headings\H_F08-Heading-level-incorrectly-skipped\UA1_Tpdf-H_F08.pdf,OK,
pdfua-techniques\list\L_01-Unordered-list\UA1_Tpdf-L_01.pdf,OK,
pdfua-techniques\list\L_02-Ordered-list-with-correctly-set-ListNumbering-attribute-UpperRoman\UA1_Tpdf-L_02.pdf,OK,
pdfua-techniques\list\L_03-Ordered-list-with-correctly-set-ListNumbering-attribute-Decimal\UA1_Tpdf-L_03.pdf,OK,
pdfua-techniques\list\L_04-Unordered-List-with-decorative-images-as-bullets-correctly-tagged\UA1_Tpdf-L_04.pdf,OK,
pdfua-techniques\list\L_05-Multi-level-list-correctly-tagged\UA1_Tpdf-L_05.pdf,OK,
pdfua-techniques\list\L_06-List-with-semantic-images-as-bullets-correctly-tagged\UA1_Tpdf-L_06.pdf,OK,
pdfua-techniques\list\L_07-Three-unordered-lists-with-the-ListNumbering-correctly-not-set\UA1_Tpdf-L_07.pdf,OK,
pdfua-techniques\list\L_08-Three-unordered-lists-with-the-ListNumbering-correctly-set-to-None\UA1_Tpdf-L_08.pdf,OK,
pdfua-techniques\list\L_09-Caption-for-List-correctly-tagged\UA1_Tpdf-L_09.pdf,OK,
pdfua-techniques\list\L_10-Inline-List-correctly-tagged\UA1_Tpdf-L_10.pdf,OK,
pdfua-techniques\list\L_11-List-item-spanning-2-pages-correctly-tagged\UA1_Tpdf-L_11.pdf,OK,
pdfua-techniques\list\L_12-Hierarchical-list-correctly-tagged\UA1_Tpdf-L_12.pdf,OK,
pdfua-techniques\list\L_13-List-item-with-substructure-correctly-tagged\UA1_Tpdf-L_13.pdf,OK,
pdfua-techniques\list\L_14-Description-list-correctly-tagged\UA1_Tpdf-L_14.pdf,OK,
pdfua-techniques\list\L_15-List-spanning-2-pages-correctly-tagged\UA1_Tpdf-L_15.pdf,OK,
pdfua-techniques\list\L_F01-Unordered-list-with-incorrectly-set-ListNumbering-attribute\UA1_Tpdf-L_F01.pdf,OK,
pdfua-techniques\list\L_F02-List-with-incorrectly-tagged-labels\UA1_Tpdf-L_F02.pdf,OK,
pdfua-techniques\list\L_F03-Ordered-list-with-missing-ListNumbering-attribute\UA1_Tpdf-L_F03.pdf,OK,
pdfua-techniques\list\L_F04-Ordered-list-with-ListNumbering-attribute-incorrectly-set-to-Disc\UA1_Tpdf-L_F04.pdf,OK,
pdfua-techniques\list\L_F05-List-with-missing-LBody\UA1_Tpdf-L_F05.pdf,OK,
pdfua-techniques\list\L_F06-List-incorrectly-tagged-as-P\UA1_Tpdf-L_F06.pdf,OK,
pdfua-techniques\list\L_F07-Multi-level-list-tags-incorrectly-nested\UA1_Tpdf-L_F07.pdf,OK,
pdfua-techniques\list\L_F08-List-item-substructure-incorrectly-tagged\UA1_Tpdf-L_F08.pdf,OK,
pdfua-techniques\list\L_F09-List-item-with-missing-LBody-tag\UA1_Tpdf-L_F09.pdf,OK,
pdfua-techniques\list\L_F10-List-spanning-multiple-pages-incorrectly-tagged\UA1_Tpdf-L_F10.pdf,OK,
preservation\openpreserve-format-corpus\fully-featured-pdf\PDF-Sample-Document-Fully-Featured-Layout_Redacted.pdf,OK,
preservation\openpreserve-format-corpus\pdf-handbuilt-test-corpus\hello_world.pdf,SKIP,open failed: An indirect object header must end with the obj keyword (byte offset 456).
preservation\openpreserve-format-corpus\pdf-handbuilt-test-corpus\minimal_test.pdf,SKIP,open failed: The PDF does not contain a final startxref declaration (byte offset 15).
preservation\openpreserve-format-corpus\pdf-handbuilt-test-corpus\T01_001_header-invalid-major-version.pdf,SKIP,open failed: An indirect object header must end with the obj keyword (byte offset 456).
preservation\openpreserve-format-corpus\pdf-handbuilt-test-corpus\T01_002_header-invalid-minor-version.pdf,SKIP,open failed: An indirect object header must end with the obj keyword (byte offset 456).
preservation\openpreserve-format-corpus\pdf-handbuilt-test-corpus\T01_003_header-no-minor-version.pdf,SKIP,open failed: The PDF header does not contain a valid major.minor version.
preservation\openpreserve-format-corpus\pdf-handbuilt-test-corpus\T01_004_header_invalid-syntax-no-dash.pdf,SKIP,"open failed: A PDF header was not found in the first 1,024 bytes."
preservation\openpreserve-format-corpus\pdf-handbuilt-test-corpus\T01_005_header-invalid-syntax-replace-char.pdf,SKIP,"open failed: A PDF header was not found in the first 1,024 bytes."
preservation\openpreserve-format-corpus\pdf-handbuilt-test-corpus\T01_006_header-invalid-syntax-no-pdf.pdf,SKIP,"open failed: A PDF header was not found in the first 1,024 bytes."
preservation\openpreserve-format-corpus\pdf-handbuilt-test-corpus\T01_007_header-no-version-info.pdf,SKIP,"open failed: A PDF header was not found in the first 1,024 bytes."
preservation\openpreserve-format-corpus\pdf-handbuilt-test-corpus\T02-01_001_document-catalog-No-document-catalog.pdf,SKIP,open failed: An indirect object header must end with the obj keyword (byte offset 468).
preservation\openpreserve-format-corpus\pdf-handbuilt-test-corpus\T02-01_002_document-catalog-wrong-object-number.pdf,SKIP,open failed: An indirect object header must end with the obj keyword (byte offset 456).
preservation\openpreserve-format-corpus\pdf-handbuilt-test-corpus\T02-01_003_document-catalog-indirecte-pages-reference-missing.pdf,SKIP,open failed: An indirect object header must end with the obj keyword (byte offset 461).
preservation\openpreserve-format-corpus\pdf-handbuilt-test-corpus\T02-01_004_document-catalog-incorrect-pages-reference.pdf,SKIP,open failed: An indirect object header must end with the obj keyword (byte offset 456).
preservation\openpreserve-format-corpus\pdf-handbuilt-test-corpus\T02-01_005_document-catalog-type-key-missing.pdf,SKIP,open failed: An indirect object header must end with the obj keyword (byte offset 467).
preservation\openpreserve-format-corpus\pdf-handbuilt-test-corpus\T02-01_006_document-catalog-wrong-type-key.pdf,SKIP,open failed: An indirect object header must end with the obj keyword (byte offset 470).
preservation\openpreserve-format-corpus\pdf-handbuilt-test-corpus\T02-01_007_document-catalog-type-key-value-pair-missing.pdf,SKIP,open failed: An indirect object must include a generation number (byte offset 458).
preservation\openpreserve-format-corpus\pdf-handbuilt-test-corpus\T02-02_001_no-page-tree-node.pdf,SKIP,open failed: An indirect object header must end with the obj keyword (byte offset 461).
preservation\openpreserve-format-corpus\pdf-handbuilt-test-corpus\T02-02_002_page-tree-kids-links-recursive.pdf,SKIP,open failed: An indirect object header must end with the obj keyword (byte offset 456).
preservation\openpreserve-format-corpus\pdf-handbuilt-test-corpus\T02-02_003_page-tree-different-kids.pdf,SKIP,open failed: An indirect object must begin with an object number (byte offset 452).
preservation\openpreserve-format-corpus\pdf-handbuilt-test-corpus\T02-02_004_page-tree-non-existing-object-as-kid.pdf,SKIP,open failed: An indirect object header must end with the obj keyword (byte offset 456).
preservation\openpreserve-format-corpus\pdf-handbuilt-test-corpus\T02-02_005_page-tree-no-kids.pdf,SKIP,open failed: An indirect object header must end with the obj keyword (byte offset 460).
preservation\openpreserve-format-corpus\pdf-handbuilt-test-corpus\T02-02_006_page-tree-no-type.pdf,SKIP,open failed: An indirect object header must end with the obj keyword (byte offset 461).
preservation\openpreserve-format-corpus\pdf-handbuilt-test-corpus\T02-02_007_page-tree-wrong-count.pdf,SKIP,open failed: An indirect object header must end with the obj keyword (byte offset 456).
preservation\openpreserve-format-corpus\pdf-handbuilt-test-corpus\T02-02_008_page-tree-node-no-count.pdf,SKIP,open failed: An indirect object header must end with the obj keyword (byte offset 465).
preservation\openpreserve-format-corpus\pdf-handbuilt-test-corpus\T02-02_009_page-tree-wrong-type.pdf,SKIP,open failed: An indirect object header must end with the obj keyword (byte offset 456).
preservation\openpreserve-format-corpus\pdf-handbuilt-test-corpus\T02-03_001_page-object-no-type.pdf,SKIP,open failed: An indirect object header must end with the obj keyword (byte offset 462).
preservation\openpreserve-format-corpus\pdf-handbuilt-test-corpus\T02-03_002_page-object-wrong-type.pdf,SKIP,open failed: An indirect object header must end with the obj keyword (byte offset 456).
preservation\openpreserve-format-corpus\pdf-handbuilt-test-corpus\T02-03_003_page-object-no-parent.pdf,SKIP,open failed: An indirect object header must end with the obj keyword (byte offset 460).
preservation\openpreserve-format-corpus\pdf-handbuilt-test-corpus\T02-03_004_page-object-wrong-parent.pdf,SKIP,open failed: An indirect object header must end with the obj keyword (byte offset 456).
preservation\openpreserve-format-corpus\pdf-handbuilt-test-corpus\T02-03_005_page-object-parent-contains-array.pdf,SKIP,open failed: An indirect object must begin with an object number (byte offset 452).
preservation\openpreserve-format-corpus\pdf-handbuilt-test-corpus\T02-03_006_page-object-missing.pdf,SKIP,open failed: An indirect object header must end with the obj keyword (byte offset 466).
preservation\openpreserve-format-corpus\pdf-handbuilt-test-corpus\T02-03_007_page-object-resources-wrong-object.pdf,SKIP,open failed: An indirect object header must end with the obj keyword (byte offset 456).
preservation\openpreserve-format-corpus\pdf-handbuilt-test-corpus\T02-03_008_page-object-mediabox-missing.pdf,SKIP,open failed: An indirect object header must end with the obj keyword (byte offset 470).
preservation\openpreserve-format-corpus\pdf-handbuilt-test-corpus\T02-03_009_page-object-mediabox-not-rectangle.pdf,SKIP,open failed: An indirect object header must end with the obj keyword (byte offset 465).
preservation\openpreserve-format-corpus\pdf-handbuilt-test-corpus\T02-03_010_page-object-missing-contents.pdf,SKIP,open failed: An indirect object must include a generation number (byte offset 456).
preservation\openpreserve-format-corpus\pdf-handbuilt-test-corpus\T02-03_011_page-object-wrong-contents-reference.pdf,SKIP,open failed: An indirect object header must end with the obj keyword (byte offset 456).
preservation\openpreserve-format-corpus\pdf-handbuilt-test-corpus\T02-03_012_page-object-resources-missing.pdf,SKIP,open failed: An indirect object must include a generation number (byte offset 457).
preservation\openpreserve-format-corpus\pdf-handbuilt-test-corpus\T02-04-01_001_resources-basefont-missing.pdf,SKIP,open failed: An indirect object header must end with the obj keyword (byte offset 470).
preservation\openpreserve-format-corpus\pdf-handbuilt-test-corpus\T02-04-01_002_resources-basefont-wrong-font.pdf,SKIP,open failed: An indirect object header must end with the obj keyword (byte offset 470).
preservation\openpreserve-format-corpus\pdf-handbuilt-test-corpus\T02-04-01_003_resources-type-missing.pdf,SKIP,open failed: An indirect object header must end with the obj keyword (byte offset 462).
preservation\openpreserve-format-corpus\pdf-handbuilt-test-corpus\T02-04-01_004_resources-wrong-declaration-type.pdf,SKIP,open failed: An indirect object header must end with the obj keyword (byte offset 456).
preservation\openpreserve-format-corpus\pdf-handbuilt-test-corpus\T02-04-01_005_resources-subtype-missing.pdf,SKIP,open failed: An indirect object must include a generation number (byte offset 458).
preservation\openpreserve-format-corpus\pdf-handbuilt-test-corpus\T02-04-01_006_resources_subtype_wrong.pdf,SKIP,open failed: An indirect object header must end with the obj keyword (byte offset 456).
preservation\openpreserve-format-corpus\pdf-handbuilt-test-corpus\T02-05-01_001_Stream-BT-missing.pdf,SKIP,open failed: An indirect object header must end with the obj keyword (byte offset 466).
preservation\openpreserve-format-corpus\pdf-handbuilt-test-corpus\T02-05-01_002_Stream-ET-missing.pdf,SKIP,open failed: An indirect object header must end with the obj keyword (byte offset 466).
preservation\openpreserve-format-corpus\pdf-handbuilt-test-corpus\T02-05-01_003_Stream-BT-and-ET-missing.pdf,SKIP,open failed: An indirect object header must end with the obj keyword (byte offset 470).
preservation\openpreserve-format-corpus\pdf-handbuilt-test-corpus\T02-05-01_004_Font-name-operator--missing.pdf,SKIP,open failed: An indirect object header must end with the obj keyword (byte offset 470).
preservation\openpreserve-format-corpus\pdf-handbuilt-test-corpus\T02-05-01_005_invalid-Font-name-operator.pdf,SKIP,open failed: An indirect object header must end with the obj keyword (byte offset 457).
preservation\openpreserve-format-corpus\pdf-handbuilt-test-corpus\T02-05-01_006_font-size-operator-missing.pdf,SKIP,open failed: An indirect object header must end with the obj keyword (byte offset 466).
preservation\openpreserve-format-corpus\pdf-handbuilt-test-corpus\T02-05-01_007_invalid-font-size-operator.pdf,SKIP,open failed: An indirect object must begin with an object number (byte offset 452).
preservation\openpreserve-format-corpus\pdf-handbuilt-test-corpus\T02-05-01_008_Font-set-operator-missing.pdf,SKIP,open failed: An indirect object header must end with the obj keyword (byte offset 466).
preservation\openpreserve-format-corpus\pdf-handbuilt-test-corpus\T02-05-01_009_Missing_open_paranthesis.pdf,SKIP,open failed: An indirect object header must end with the obj keyword (byte offset 456).
preservation\openpreserve-format-corpus\pdf-handbuilt-test-corpus\T02-05-01_010_Missing_closing_paranthesis.pdf,SKIP,open failed: An indirect object header must end with the obj keyword (byte offset 456).
preservation\openpreserve-format-corpus\pdf-handbuilt-test-corpus\T02-05-01_011_paranthesis-substituted-with-brackets.pdf,SKIP,open failed: An indirect object header must end with the obj keyword (byte offset 457).
preservation\openpreserve-format-corpus\pdf-handbuilt-test-corpus\T02-05-01_012_text-show-operator-missing.pdf,SKIP,open failed: An indirect object header must end with the obj keyword (byte offset 466).
preservation\openpreserve-format-corpus\pdf-handbuilt-test-corpus\T02-05-01_013_stream-keyword-missing.pdf,SKIP,open failed: An indirect object header must end with the obj keyword (byte offset 468).
preservation\openpreserve-format-corpus\pdf-handbuilt-test-corpus\T02-05-01_014_endstream-keyword-missing.pdf,SKIP,open failed: An indirect object header must end with the obj keyword (byte offset 464).
preservation\openpreserve-format-corpus\pdf-handbuilt-test-corpus\T02-05-01_015_invalid-stream-length-in-dictionary.pdf,SKIP,open failed: An indirect object must begin with an object number (byte offset 452).
preservation\openpreserve-format-corpus\pdf-handbuilt-test-corpus\T02-05-01_016_stream-length-missing-in-dictionary.pdf,SKIP,open failed: An indirect object header must end with the obj keyword (byte offset 463).
preservation\openpreserve-format-corpus\pdf-handbuilt-test-corpus\T02-05-01_017_bytes-between-endstream-endobj.pdf,FAIL,save failed: An indirect object must end with the endobj keyword (byte offset 389).
preservation\openpreserve-format-corpus\pdf-handbuilt-test-corpus\T02-05-01_018_position-information-missing.pdf,SKIP,open failed: An indirect object header must end with the obj keyword (byte offset 470).
preservation\openpreserve-format-corpus\pdf-handbuilt-test-corpus\T03_001_no-cross-reference-table.pdf,SKIP,open failed: An indirect object must begin with an object number (byte offset 452).
preservation\openpreserve-format-corpus\pdf-handbuilt-test-corpus\T03_002_xref-keyword-missing.pdf,SKIP,open failed: An indirect object header must end with the obj keyword (byte offset 469).
preservation\openpreserve-format-corpus\pdf-handbuilt-test-corpus\T03_003_number-of-entries-missing.pdf,SKIP,open failed: An indirect object header must end with the obj keyword (byte offset 466).
preservation\openpreserve-format-corpus\pdf-handbuilt-test-corpus\T03_004_number-of-entries-too-many.pdf,SKIP,open failed: An indirect object header must end with the obj keyword (byte offset 456).
preservation\openpreserve-format-corpus\pdf-handbuilt-test-corpus\T03_005_number-of-entries-too-few.pdf,SKIP,open failed: An indirect object header must end with the obj keyword (byte offset 456).
preservation\openpreserve-format-corpus\pdf-handbuilt-test-corpus\T03_006_offset_missing.pdf,SKIP,open failed: An indirect object header must end with the obj keyword (byte offset 456).
preservation\openpreserve-format-corpus\pdf-handbuilt-test-corpus\T03_007_offset_wrong.pdf,SKIP,open failed: An indirect object header must end with the obj keyword (byte offset 456).
preservation\openpreserve-format-corpus\pdf-handbuilt-test-corpus\T03_008_entry-offset-too-short.pdf,SKIP,open failed: An indirect object header must end with the obj keyword (byte offset 456).
preservation\openpreserve-format-corpus\pdf-handbuilt-test-corpus\T03_009_invalid-keyword-entry.pdf,SKIP,open failed: An indirect object header must end with the obj keyword (byte offset 456).
preservation\openpreserve-format-corpus\pdf-handbuilt-test-corpus\T03_010_wrong-generation-number.pdf,SKIP,open failed: An indirect object header must end with the obj keyword (byte offset 456).
preservation\openpreserve-format-corpus\pdf-handbuilt-test-corpus\T04_001_EOF-not-standalone.pdf,SKIP,open failed: The startxref offset is not followed by whitespace (byte offset 624).
preservation\openpreserve-format-corpus\pdf-handbuilt-test-corpus\T04_002_EOF-missing.pdf,SKIP,open failed: The startxref declaration is not followed by %%EOF (byte offset 626).
preservation\openpreserve-format-corpus\pdf-handbuilt-test-corpus\T04_003_EOF-incomplete-EO.pdf,SKIP,open failed: The startxref declaration is not followed by %%EOF (byte offset 628).
preservation\openpreserve-format-corpus\pdf-handbuilt-test-corpus\T04_004_EOF-incomplete_EOF.pdf,SKIP,open failed: The startxref declaration is not followed by %%EOF (byte offset 625).
preservation\openpreserve-format-corpus\pdf-handbuilt-test-corpus\T04_005_EOF-followed-by-junk-data.pdf,SKIP,open failed: An indirect object header must end with the obj keyword (byte offset 456).
preservation\openpreserve-format-corpus\pdf-handbuilt-test-corpus\T04_006_premature-EOF.pdf,FAIL,save failed: An indirect object must begin with an object number (byte offset 281).
preservation\openpreserve-format-corpus\pdf-handbuilt-test-corpus\T04_007_premature-EOF-only.pdf,SKIP,open failed: The startxref declaration is not followed by %%EOF (byte offset 632).
preservation\openpreserve-format-corpus\pdf-handbuilt-test-corpus\T04_008_trailer-no-trailer-keyword.pdf,SKIP,open failed: An indirect object header must end with the obj keyword (byte offset 456).
preservation\openpreserve-format-corpus\pdf-handbuilt-test-corpus\T04_009_trailer-no-opening-brackets.pdf,SKIP,open failed: An indirect object header must end with the obj keyword (byte offset 456).
preservation\openpreserve-format-corpus\pdf-handbuilt-test-corpus\T04_010_trailer-no-closing-brackets.pdf,SKIP,open failed: An indirect object header must end with the obj keyword (byte offset 456).
preservation\openpreserve-format-corpus\pdf-handbuilt-test-corpus\T04_011_trailer-no-root-key-value-pair.pdf,SKIP,open failed: An indirect object header must end with the obj keyword (byte offset 456).
preservation\openpreserve-format-corpus\pdf-handbuilt-test-corpus\T04_012_trailer-root-no-indirect-reference.pdf,SKIP,open failed: An indirect object header must end with the obj keyword (byte offset 456).
preservation\openpreserve-format-corpus\pdf-handbuilt-test-corpus\T04_013_trailer-root-invalid-indirect-reference.pdf,SKIP,open failed: An indirect object header must end with the obj keyword (byte offset 456).
preservation\openpreserve-format-corpus\pdf-handbuilt-test-corpus\T04_014_trailer-root-indirect-reference-to-wrong-object.pdf,SKIP,open failed: An indirect object header must end with the obj keyword (byte offset 456).
preservation\openpreserve-format-corpus\pdf-handbuilt-test-corpus\T04_015_trailer-no-size-key-value-pair.pdf,SKIP,open failed: An indirect object header must end with the obj keyword (byte offset 456).
preservation\openpreserve-format-corpus\pdf-handbuilt-test-corpus\T04_016_trailer-wrong-size-key-value-pair.pdf,SKIP,open failed: An indirect object header must end with the obj keyword (byte offset 456).
preservation\openpreserve-format-corpus\pdf-handbuilt-test-corpus\T04_017_trailer-no-startxref-keyword.pdf,SKIP,open failed: The PDF does not contain a final startxref declaration (byte offset 621).
preservation\openpreserve-format-corpus\pdf-handbuilt-test-corpus\T04_018_trailer-no-xref-byte-offset.pdf,SKIP,open failed: The startxref declaration does not contain a byte offset (byte offset 628).
preservation\openpreserve-format-corpus\pdfCabinetOfHorrors\balloon_a1b_jp2k.pdf,OK,
preservation\openpreserve-format-corpus\pdfCabinetOfHorrors\calistoMTNoFontsEmbedded.pdf,OK,
preservation\openpreserve-format-corpus\pdfCabinetOfHorrors\corruptionOneByteMissing.pdf,SKIP,open failed: An indirect object must begin with an object number (byte offset 38776).
preservation\openpreserve-format-corpus\pdfCabinetOfHorrors\embedded_video_avi.pdf,OK,
preservation\openpreserve-format-corpus\pdfCabinetOfHorrors\embedded_video_quicktime.pdf,OK,
preservation\openpreserve-format-corpus\pdfCabinetOfHorrors\encryption_nocopy.pdf,SKIP,encrypted - batch mode does not strip encryption
preservation\openpreserve-format-corpus\pdfCabinetOfHorrors\encryption_notextaccess.pdf,SKIP,encrypted - batch mode does not strip encryption
preservation\openpreserve-format-corpus\pdfCabinetOfHorrors\encryption_openpassword.pdf,SKIP,encrypted - batch mode does not strip encryption
preservation\openpreserve-format-corpus\pdfCabinetOfHorrors\externalLink.pdf,OK,
preservation\openpreserve-format-corpus\pdfCabinetOfHorrors\fileAttachment_fileAttachmentAnnotation.pdf,OK,
preservation\openpreserve-format-corpus\pdfCabinetOfHorrors\javascript.pdf,OK,
preservation\openpreserve-format-corpus\pdfCabinetOfHorrors\pdf-17-header18.pdf,OK,
preservation\openpreserve-format-corpus\pdfCabinetOfHorrors\test_fontArialNotEmbedded.pdf,OK,
preservation\openpreserve-format-corpus\pdfCabinetOfHorrors\text_only_fontsEmbeddedAll.pdf,OK,
preservation\openpreserve-format-corpus\pdfCabinetOfHorrors\text_only_fontsEmbeddedSubset.pdf,OK,
preservation\openpreserve-format-corpus\pdfCabinetOfHorrors\text_only_fontsNotEmbedded.pdf,OK,
preservation\openpreserve-format-corpus\pdfCabinetOfHorrors\text_only_pdfa1b.pdf,OK,
preservation\openpreserve-format-corpus\pdfCabinetOfHorrors\veraPDFHiResChangedHeight.pdf,OK,
preservation\openpreserve-format-corpus\pdfCabinetOfHorrors\veraPDFHiResWrongObjectID.pdf,FAIL,save failed: Trailer /Root value contains a stale indirect reference.
safedocs\Unicode passwords\baseline\unicode-test-actualtext.pdf,OK,
safedocs\Unicode passwords\baseline\unicode-test.pdf,OK,
safedocs\Unicode passwords\corrigendum4\unicode-test-U2F874-correct.pdf,SKIP,encrypted - batch mode does not strip encryption
safedocs\Unicode passwords\corrigendum4\unicode-test-U2F874-wrong.pdf,SKIP,encrypted - batch mode does not strip encryption
safedocs\Unicode passwords\corrigendum5\unicode-corrigendum5-fixed.pdf,SKIP,encrypted - batch mode does not strip encryption
safedocs\Unicode passwords\corrigendum5\unicode-corrigendum5-unicode32-once.pdf,SKIP,encrypted - batch mode does not strip encryption
safedocs\Unicode passwords\corrigendum5\unicode-corrigendum5-unicode32-twice.pdf,SKIP,encrypted - batch mode does not strip encryption
color\ghent-gos5\patches\Ghent_PDF_Output_Suite_V50_Patches\Ghent_PDF-Output-Suite-V50_ReadMeFirst.pdf,OK,
color\ghent-gos5\testpages\Ghent_PDF_Output_Suite_V50_Testpages\GhentPDFOutputSuite50_ReadMes.pdf,OK,
color\ghent-gos5\testpages\Ghent_PDF_Output_Suite_V50_Testpages\Ghent_PDF-Output-Test-V50_ALL_REFERENCE.pdf,OK,
color\ghent-gos5\testpages\Ghent_PDF_Output_Suite_V50_Testpages\Ghent_PDF-Output-Test-V50_ALL_X4.pdf,OK,
color\ghent-gos5\testpages\Ghent_PDF_Output_Suite_V50_Testpages\PR_Ghent-PDF-Output-Suite-5-Conformance-Certification.pdf,SKIP,open failed: A hybrid cross-reference stream /Size must match its trailer /Size (byte offset 487197).
pdfua-techniques\fundamentals\1-basic-technical-rules\G1_01-Custom-tag-correctly-role-mapped\UA1_Tpdf-G1_01.pdf,OK,
pdfua-techniques\fundamentals\1-basic-technical-rules\G1_F01-Custom-tag-role-map-missing\UA1_Tpdf-G1_F01.pdf,OK,
pdfua-techniques\fundamentals\2-text\G2_01-Text-content-correctly-tagged-in-one-container\UA1_Tpdf-G2_01.pdf,OK,
pdfua-techniques\fundamentals\2-text\G2_02-Text-content-correctly-tagged-one-container-per-word\UA1_Tpdf-G2_02.pdf,OK,
pdfua-techniques\fundamentals\2-text\G2_03-Text-content-correctly-tagged-one-container-per-character\UA1_Tpdf-G2_03.pdf,OK,
pdfua-techniques\fundamentals\2-text\G2_04-Special-character-with-correct-Unicode-mapping\UA1_Tpdf-G2_04.pdf,OK,
pdfua-techniques\fundamentals\2-text\G2_05-Graphics-representing-text-correctly-tagged\UA1_Tpdf-G2_05.pdf,OK,
pdfua-techniques\fundamentals\2-text\G2_06-ActualText-provides-correct-extractable-characters-in-place-of-OCR-errors\UA1_Tpdf-G2_06.pdf,OK,
pdfua-techniques\fundamentals\2-text\G2_F01-Special-character-missing-Unicode-mapping\UA1_Tpdf-G2_F01.pdf,OK,
pdfua-techniques\fundamentals\2-text\G2_F02-Special-character-with-incorrect-Unicode-mapping\UA1_Tpdf-G2_F02.pdf,OK,
pdfua-techniques\fundamentals\2-text\G2_F03-Graphics-representing-text-incorrectly-tagged-as-figure\UA1_Tpdf-G2_F03.pdf,OK,
pdfua-techniques\fundamentals\2-text\G2_F04-Extractable-characters-are-not-present-in-a-document-with-visible-text\UA1_Tpdf-G2_F04.pdf,OK,
pdfua-techniques\fundamentals\3-content\G3_01-Real-content-correctly-tagged\UA1_Tpdf-G3_01.pdf,OK,
pdfua-techniques\fundamentals\3-content\G3_02-Decorative-content-correctly-marked-as-artifact\UA1_Tpdf-G3_02.pdf,OK,
pdfua-techniques\fundamentals\3-content\G3_F01-Real-content-not-tagged\UA1_Tpdf-G3_F01.pdf,OK,
pdfua-techniques\fundamentals\3-content\G3_F02-Real-content-incorrectly-tagged\UA1_Tpdf-G3_F02.pdf,OK,
pdfua-techniques\fundamentals\3-content\G3_F03-Decorative-content-incorrectly-tagged-as-figure\UA1_Tpdf-G3_F03.pdf,OK,
pdfua-techniques\fundamentals\3-content\G3_F04-Decorative-content-not-marked-as-artifact\UA1_Tpdf-G3_F04.pdf,OK,
pdfua-techniques\fundamentals\4-logical-content-order\G4_01-Content-order-correctly-set\UA1_Tpdf-G4_01.pdf,OK,
pdfua-techniques\fundamentals\4-logical-content-order\G4_02-Order-of-marked-content-sequences-within-a-tag-correctly-set\UA1_Tpdf-G4_02.pdf,OK,
pdfua-techniques\fundamentals\4-logical-content-order\G4_03-Content-in-columns-correctly-ordered\UA1_Tpdf-G4_03.pdf,OK,
pdfua-techniques\fundamentals\4-logical-content-order\G4_04-Sidebar-correctly-located-in-the-document-s-content-order\UA1_Tpdf-G4_04.pdf,OK,
pdfua-techniques\fundamentals\4-logical-content-order\G4_05-Tab-order-for-pages-with-annotations-correctly-set\UA1_Tpdf-G4_05.pdf,OK,
pdfua-techniques\fundamentals\4-logical-content-order\G4_F01-Content-order-incorrectly-set\UA1_Tpdf-G4_F01.pdf,OK,
pdfua-techniques\fundamentals\4-logical-content-order\G4_F02-Order-of-marked-content-sequences-within-a-tag-incorrectly-set\UA1_Tpdf-G4_F02.pdf,OK,
pdfua-techniques\fundamentals\4-logical-content-order\G4_F03-Content-in-columns-incorrectly-ordered\UA1_Tpdf-G4_F03.pdf,OK,
pdfua-techniques\fundamentals\4-logical-content-order\G4_F04-Sidebar-incorrectly-located-in-the-document-s-content-order\UA1_Tpdf-G4_F04.pdf,OK,
pdfua-techniques\fundamentals\4-logical-content-order\G4_F05-Order-of-content-within-a-marked-content-sequence-incorrectly-set\UA1_Tpdf-G4_F05.pdf,OK,
pdfua-techniques\fundamentals\4-logical-content-order\G4_F06-Tab-order-for-pages-with-annotations-incorrectly-set\UA1_Tpdf-G4_F06.pdf,OK,
pdfua-techniques\fundamentals\4-logical-content-order\G4_F07-Tab-order-for-pages-with-annotations-missing\UA1_Tpdf-G4_F07.pdf,OK,
pdfua-techniques\fundamentals\5-appropriate-semantics\G5_01-H1-heading-appropriately-tagged\UA1_Tpdf-G5_01.pdf,OK,
pdfua-techniques\fundamentals\5-appropriate-semantics\G5_02-Similar-real-content-appropriately-tagged\UA1_Tpdf-G5_02.pdf,OK,
pdfua-techniques\fundamentals\5-appropriate-semantics\G5_03-Visually-separated-content-appropriately-tagged\UA1_Tpdf-G5_03.pdf,OK,
pdfua-techniques\fundamentals\5-appropriate-semantics\G5_04-Multiline-heading-appropriately-tagged\UA1_Tpdf-G5_04.pdf,OK,
pdfua-techniques\fundamentals\5-appropriate-semantics\G5_F01-H1-heading-inappropriately-tagged\UA1_Tpdf-G5_F01.pdf,OK,
pdfua-techniques\fundamentals\5-appropriate-semantics\G5_F02-Similar-real-content-inappropriately-tagged\UA1_Tpdf-G5_F02.pdf,OK,
pdfua-techniques\fundamentals\5-appropriate-semantics\G5_F03-Single-semantic-unit-of-content-inappropriately-tagged\UA1_Tpdf-G5_F03.pdf,OK,
pdfua-techniques\fundamentals\5-appropriate-semantics\G5_F04-Visually-separated-content-inappropriately-tagged\UA1_Tpdf-G5_F04.pdf,OK,
pdfua-techniques\fundamentals\5-appropriate-semantics\G5_F05-Multiline-heading-inappropriately-tagged\UA1_Tpdf-G5_F05.pdf,OK,
pdfua-techniques\fundamentals\5-appropriate-semantics\G5_F06-Table-header-cell-inappropriately-tagged\UA1_Tpdf-G5_F06.pdf,OK,
preservation\openpreserve-format-corpus\desktop-publishing\InDesign\Neddy_Flyer_HeatherRyan.pdf,OK,
preservation\openpreserve-format-corpus\ebooks\calibre 0.8.57\Lorem Ipsum - Andrew Jackson.pdf,OK,
preservation\openpreserve-format-corpus\ebooks\calibre 0.9.0\lorem-ipsum.pdf,OK,
preservation\openpreserve-format-corpus\ebooks\iBooks Author 1.1 (190)\lorem-ipsum-openprintcopypw.pdf,SKIP,encrypted - batch mode does not strip encryption
preservation\openpreserve-format-corpus\ebooks\iBooks Author 1.1 (190)\lorem-ipsum-plus-image-openprintcopypw.pdf,SKIP,encrypted - batch mode does not strip encryption
preservation\openpreserve-format-corpus\ebooks\iBooks Author 1.1 (190)\lorem-ipsum-plus-image.pdf,OK,
preservation\openpreserve-format-corpus\ebooks\iBooks Author 1.1 (190)\lorem-ipsum.pdf,OK,
preservation\openpreserve-format-corpus\ebooks\iBooks Author 2.0 (327)\lorem-ipsum-plus-image-updated-opencopyprintpw.pdf,SKIP,encrypted - batch mode does not strip encryption
preservation\openpreserve-format-corpus\ebooks\iBooks Author 2.0 (327)\lorem-ipsum-plus-image-updated.pdf,OK,
preservation\openpreserve-format-corpus\govdocs1-error-pdfs\error_set_1\008677.pdf,OK,
preservation\openpreserve-format-corpus\govdocs1-error-pdfs\error_set_1\032270.pdf,OK,
preservation\openpreserve-format-corpus\govdocs1-error-pdfs\error_set_1\125619.pdf,OK,
preservation\openpreserve-format-corpus\govdocs1-error-pdfs\error_set_1\137036.pdf,OK,
preservation\openpreserve-format-corpus\govdocs1-error-pdfs\error_set_1\160721.pdf,SKIP,open failed: Cross-reference object 40 generation cannot decrease across incremental revisions (byte offset 37201).
preservation\openpreserve-format-corpus\govdocs1-error-pdfs\error_set_1\176446.pdf,OK,
preservation\openpreserve-format-corpus\govdocs1-error-pdfs\error_set_1\195981.pdf,OK,
preservation\openpreserve-format-corpus\govdocs1-error-pdfs\error_set_1\225188.pdf,OK,
preservation\openpreserve-format-corpus\govdocs1-error-pdfs\error_set_1\225189.pdf,SKIP,open failed: Cross-reference object 134 generation cannot decrease across incremental revisions (byte offset 64947).
preservation\openpreserve-format-corpus\govdocs1-error-pdfs\error_set_1\275884.pdf,OK,
preservation\openpreserve-format-corpus\govdocs1-error-pdfs\error_set_1\316267.pdf,OK,
preservation\openpreserve-format-corpus\govdocs1-error-pdfs\error_set_1\421197.pdf,SKIP,open failed: The hybrid cross-reference chain reuses an offset (byte offset 1269).
preservation\openpreserve-format-corpus\govdocs1-error-pdfs\error_set_1\427330.pdf,OK,
preservation\openpreserve-format-corpus\govdocs1-error-pdfs\error_set_1\436840.pdf,SKIP,open failed: Cross-reference object 600 generation cannot decrease across incremental revisions (byte offset 973601).
preservation\openpreserve-format-corpus\govdocs1-error-pdfs\error_set_1\436857.pdf,SKIP,open failed: Cross-reference object 9 has an invalid generation transition across incremental revisions (byte offset 74342).
preservation\openpreserve-format-corpus\govdocs1-error-pdfs\error_set_1\447403.pdf,OK,
preservation\openpreserve-format-corpus\govdocs1-error-pdfs\error_set_1\459011.pdf,OK,
preservation\openpreserve-format-corpus\govdocs1-error-pdfs\error_set_1\486832.pdf,OK,
preservation\openpreserve-format-corpus\govdocs1-error-pdfs\error_set_1\495712.pdf,OK,
preservation\openpreserve-format-corpus\govdocs1-error-pdfs\error_set_1\499039.pdf,OK,
preservation\openpreserve-format-corpus\govdocs1-error-pdfs\error_set_1\503492.pdf,SKIP,open failed: Cross-reference object 39 generation cannot decrease across incremental revisions (byte offset 36663).
preservation\openpreserve-format-corpus\govdocs1-error-pdfs\error_set_2\020747.pdf,SKIP,open failed: An indirect object must begin with an object number (byte offset 173).
preservation\openpreserve-format-corpus\govdocs1-error-pdfs\error_set_2\020806.pdf,SKIP,open failed: An indirect object header must end with the obj keyword (byte offset 478899).
preservation\openpreserve-format-corpus\govdocs1-error-pdfs\error_set_2\027613.pdf,SKIP,open failed: Trailer /Prev must point to an earlier cross-reference section (byte offset 1569328).
preservation\openpreserve-format-corpus\govdocs1-error-pdfs\error_set_2\029016.pdf,OK,
preservation\openpreserve-format-corpus\govdocs1-error-pdfs\error_set_2\033689.pdf,SKIP,open failed: An indirect object must begin with an object number (byte offset 116).
preservation\openpreserve-format-corpus\govdocs1-error-pdfs\error_set_2\040669.pdf,SKIP,open failed: An indirect object header must end with the obj keyword (byte offset 88760).
preservation\openpreserve-format-corpus\govdocs1-error-pdfs\error_set_2\050734.pdf,SKIP,open failed: The startxref offset points beyond the end of the file (byte offset 485217).
preservation\openpreserve-format-corpus\govdocs1-error-pdfs\error_set_2\064034.pdf,OK,
preservation\openpreserve-format-corpus\govdocs1-error-pdfs\error_set_2\073439.pdf,SKIP,open failed: An indirect object must begin with an object number (byte offset 173).
preservation\openpreserve-format-corpus\govdocs1-error-pdfs\error_set_2\178360.pdf,OK,
preservation\openpreserve-format-corpus\govdocs1-error-pdfs\error_set_2\189478.pdf,SKIP,open failed: An indirect object must include a generation number (byte offset 66644).
preservation\openpreserve-format-corpus\govdocs1-error-pdfs\error_set_2\210260.pdf,OK,
preservation\openpreserve-format-corpus\govdocs1-error-pdfs\error_set_2\219789.pdf,OK,
preservation\openpreserve-format-corpus\govdocs1-error-pdfs\error_set_2\226387.pdf,SKIP,open failed: An indirect object must begin with an object number (byte offset 173).
preservation\openpreserve-format-corpus\govdocs1-error-pdfs\error_set_2\247224.pdf,OK,
preservation\openpreserve-format-corpus\govdocs1-error-pdfs\error_set_2\268346.pdf,SKIP,open failed: An indirect object must include a generation number (byte offset 245722).
preservation\openpreserve-format-corpus\govdocs1-error-pdfs\error_set_2\303226.pdf,SKIP,open failed: An indirect object header must end with the obj keyword (byte offset 136158).
preservation\openpreserve-format-corpus\govdocs1-error-pdfs\error_set_2\367594.pdf,OK,
preservation\openpreserve-format-corpus\govdocs1-error-pdfs\error_set_2\392154.pdf,SKIP,open failed: An indirect object must begin with an object number (byte offset 193592).
preservation\openpreserve-format-corpus\govdocs1-error-pdfs\error_set_2\427669.pdf,SKIP,open failed: An indirect object must begin with an object number (byte offset 307896).
preservation\openpreserve-format-corpus\govdocs1-error-pdfs\error_set_2\435321.pdf,SKIP,open failed: An indirect object must begin with an object number (byte offset 173).
preservation\openpreserve-format-corpus\govdocs1-error-pdfs\error_set_2\443752.pdf,FAIL,save failed: Trailer /Root value contains a stale indirect reference.
preservation\openpreserve-format-corpus\govdocs1-error-pdfs\error_set_2\475121.pdf,SKIP,"open failed: Cross-reference object 0 must be free with generation 65,535 (byte offset 5684988)."
preservation\openpreserve-format-corpus\govdocs1-error-pdfs\error_set_2\477139.pdf,SKIP,open failed: An indirect object must begin with an object number (byte offset 173).
preservation\openpreserve-format-corpus\govdocs1-error-pdfs\error_set_2\492484.pdf,SKIP,open failed: An indirect object must include a generation number (byte offset 1200535).
preservation\openpreserve-format-corpus\govdocs1-error-pdfs\error_set_2\498264.pdf,SKIP,open failed: A hexadecimal string contains a non-hexadecimal character (byte offset 170722).
preservation\openpreserve-format-corpus\govdocs1-error-pdfs\error_set_2\504076.pdf,SKIP,open failed: An indirect object must begin with an object number (byte offset 116).
preservation\openpreserve-format-corpus\govdocs1-error-pdfs\error_set_2\507618.pdf,SKIP,open failed: An indirect object must begin with an object number (byte offset 173).
preservation\openpreserve-format-corpus\govdocs1-error-pdfs\error_set_2\507676.pdf,SKIP,open failed: An indirect object header must end with the obj keyword (byte offset 1291561).
preservation\openpreserve-format-corpus\jhove-errors\PDF-HUL-1\12884_2006_Article_120.pdf,OK,
preservation\openpreserve-format-corpus\jhove-errors\PDF-HUL-1\jne5_4_l03.pdf,OK,
preservation\openpreserve-format-corpus\jhove-errors\PDF-HUL-104\AIAA-2005-6173-712.pdf,FAIL,save failed: Trailer /Root value contains a stale indirect reference.
preservation\openpreserve-format-corpus\jhove-errors\PDF-HUL-109\88702.pdf,SKIP,encrypted - batch mode does not strip encryption
preservation\openpreserve-format-corpus\jhove-errors\PDF-HUL-109\Godfrey Lubuulwa-Thesis-2023.pdf,SKIP,encrypted - batch mode does not strip encryption
preservation\openpreserve-format-corpus\jhove-errors\PDF-HUL-11\Hawes et al_2024_Comparing the Carbon Footprints of Urban and Conventional Agriculture.pdf,OK,
preservation\openpreserve-format-corpus\jhove-errors\PDF-HUL-11\S2053273314007578.pdf,OK,
preservation\openpreserve-format-corpus\jhove-errors\PDF-HUL-110\102924.pdf,FAIL,save failed: The preserved catalog graph is too deeply nested.
preservation\openpreserve-format-corpus\jhove-errors\PDF-HUL-110\hesr13613-sup-0001-Authormatrix.pdf,OK,
preservation\openpreserve-format-corpus\jhove-errors\PDF-HUL-114\LLMImplicationsforScience.pdf,OK,
preservation\openpreserve-format-corpus\jhove-errors\PDF-HUL-114\response-to-fiber-concerns[1].pdf,OK,
preservation\openpreserve-format-corpus\jhove-errors\PDF-HUL-117\363_Risk-Based Management of Groundwater Contamination _Paper.pdf,OK,
preservation\openpreserve-format-corpus\jhove-errors\PDF-HUL-117\me450f12project10_report.pdf,OK,
preservation\openpreserve-format-corpus\jhove-errors\PDF-HUL-119\breast+cancer+immunotherapy.pdf,OK,
preservation\openpreserve-format-corpus\jhove-errors\PDF-HUL-119\UMTRI-2000-15.pdf,OK,
preservation\openpreserve-format-corpus\jhove-errors\PDF-HUL-12\hae14831.pdf,OK,
preservation\openpreserve-format-corpus\jhove-errors\PDF-HUL-121\102952.pdf,OK,
preservation\openpreserve-format-corpus\jhove-errors\PDF-HUL-121\1742-6596_375_00_001001.pdf,OK,
preservation\openpreserve-format-corpus\jhove-errors\PDF-HUL-122\dweigel_1.pdf,FAIL,save failed: Trailer /Info value contains a stale indirect reference.
preservation\openpreserve-format-corpus\jhove-errors\PDF-HUL-122\selederm.pdf,SKIP,open failed: Trailer /Size must be greater than every in-use object number (byte offset 3291402).
preservation\openpreserve-format-corpus\jhove-errors\PDF-HUL-123\hisn13025_am.pdf,OK,
preservation\openpreserve-format-corpus\jhove-errors\PDF-HUL-123\hisn13056.pdf,OK,
preservation\openpreserve-format-corpus\jhove-errors\PDF-HUL-124\jper10458-sup-0001-figureS1A.pdf,SKIP,open failed: Trailer /Size must be greater than every in-use object number (byte offset 14953).
preservation\openpreserve-format-corpus\jhove-errors\PDF-HUL-124\jper10458-sup-0002-figureS1B.pdf,SKIP,open failed: Trailer /Size must be greater than every in-use object number (byte offset 11898).
preservation\openpreserve-format-corpus\jhove-errors\PDF-HUL-126\drafts_David-Cyberstructure_Washington(Brussels-5)+2figs.pdf,OK,
preservation\openpreserve-format-corpus\jhove-errors\PDF-HUL-126\wp592.pdf,SKIP,open failed: Cross-reference object 190 has an invalid generation transition across incremental revisions (byte offset 490112).
preservation\openpreserve-format-corpus\jhove-errors\PDF-HUL-128\0004-637X_751_2_90.pdf,OK,
preservation\openpreserve-format-corpus\jhove-errors\PDF-HUL-128\Deficient inflammasome activation permits an exaggerated asthma phenotype in rhinovirus C-infected immature mice.pdf,FAIL,save failed: Trailer /Root value contains a stale indirect reference.
preservation\openpreserve-format-corpus\jhove-errors\PDF-HUL-129\0004-637X_752_1_11.pdf,OK,
preservation\openpreserve-format-corpus\jhove-errors\PDF-HUL-129\12864_2012_Article_5257.pdf,OK,
preservation\openpreserve-format-corpus\jhove-errors\PDF-HUL-131\20789_ftp.pdf,OK,
preservation\openpreserve-format-corpus\jhove-errors\PDF-HUL-133\1987_Kaplan_Kaplan_and_Dale_Patterns_as_hypotheses.pdf,OK,
preservation\openpreserve-format-corpus\jhove-errors\PDF-HUL-133\wp315.pdf,OK,
preservation\openpreserve-format-corpus\jhove-errors\PDF-HUL-136\103199.pdf,OK,
preservation\openpreserve-format-corpus\jhove-errors\PDF-HUL-136\42828.0001.001.pdf,OK,
preservation\openpreserve-format-corpus\jhove-errors\PDF-HUL-137\124307818233765780864869607481066113457.pdf,SKIP,"open failed: A PDF header was not found in the first 1,024 bytes."
preservation\openpreserve-format-corpus\jhove-errors\PDF-HUL-137\reserve3.pdf,SKIP,open failed: An indirect object header must end with the obj keyword (byte offset 149241).
preservation\openpreserve-format-corpus\jhove-errors\PDF-HUL-138\6.2017-0960.pdf,OK,
preservation\openpreserve-format-corpus\jhove-errors\PDF-HUL-138\mattgib_1.pdf,OK,
preservation\openpreserve-format-corpus\jhove-errors\PDF-HUL-140\67282617093022525134485263930000992465.pdf,SKIP,open failed: Trailer /Size must be greater than every in-use object number (byte offset 503505).
preservation\openpreserve-format-corpus\jhove-errors\PDF-HUL-142\140611493383864950079938377607360675655.pdf,FAIL,save failed: A full rewrite requires trailer /Root to resolve to a catalog dictionary.
preservation\openpreserve-format-corpus\jhove-errors\PDF-HUL-142\joie12092-sup-0001-si.pdf,FAIL,save failed: A full rewrite requires trailer /Root to resolve to a catalog dictionary.
preservation\openpreserve-format-corpus\jhove-errors\PDF-HUL-147\98.I.Z.L.C.Demography.pdf,SKIP,open failed: Trailer /Size must be greater than every in-use object number (byte offset 1380538).
preservation\openpreserve-format-corpus\jhove-errors\PDF-HUL-147\tjp14887-sup-0001-SuppMat.pdf,SKIP,open failed: Trailer /Size must be greater than every in-use object number (byte offset 974773).
preservation\openpreserve-format-corpus\jhove-errors\PDF-HUL-149\Berhe et al-2019-PlosOne.pdf,OK,
preservation\openpreserve-format-corpus\jhove-errors\PDF-HUL-149\iep-as-published.pdf,OK,
preservation\openpreserve-format-corpus\jhove-errors\PDF-HUL-15\arsimon_1.pdf,OK,
preservation\openpreserve-format-corpus\jhove-errors\PDF-HUL-15\meeram_1.pdf,FAIL,save failed: Trailer /Root value contains a stale indirect reference.
preservation\openpreserve-format-corpus\jhove-errors\PDF-HUL-154\Montenegro2021.pdf,OK,
preservation\openpreserve-format-corpus\jhove-errors\PDF-HUL-154\Orellana2022.pdf,OK,
preservation\openpreserve-format-corpus\jhove-errors\PDF-HUL-157\JA1-1996-PDF.pdf,SKIP,open failed: Trailer /Prev must point inside the file (byte offset 332).
preservation\openpreserve-format-corpus\jhove-errors\PDF-HUL-157\JA3-1998-PDF.pdf,SKIP,open failed: Trailer /Prev must point inside the file (byte offset 332).
preservation\openpreserve-format-corpus\jhove-errors\PDF-HUL-16\2018-Lee-Fatherinclusiveperinatal.pdf,OK,
preservation\openpreserve-format-corpus\jhove-errors\PDF-HUL-164\0000490.pdf,OK,
preservation\openpreserve-format-corpus\jhove-errors\PDF-HUL-164\AIAA-2002-4016-606.pdf,OK,
preservation\openpreserve-format-corpus\jhove-errors\PDF-HUL-165\coleprintingislam.pdf,SKIP,open failed: Trailer /Size must be greater than every in-use object number (byte offset 20220962).
preservation\openpreserve-format-corpus\jhove-errors\PDF-HUL-165\UMURF-Issue04_2007.pdf,SKIP,open failed: Trailer /Size must be greater than every in-use object number (byte offset 2600278).
preservation\openpreserve-format-corpus\jhove-errors\PDF-HUL-18\ajpa23833_am.pdf,OK,
preservation\openpreserve-format-corpus\jhove-errors\PDF-HUL-18\E3_Mayhew_et_al_2009.pdf,OK,
preservation\openpreserve-format-corpus\jhove-errors\PDF-HUL-19\wp375.pdf,FAIL,save failed: Trailer /Root value contains a stale indirect reference.
preservation\openpreserve-format-corpus\jhove-errors\PDF-HUL-19\wp376.pdf,OK,
preservation\openpreserve-format-corpus\jhove-errors\PDF-HUL-2\sakula.pdf,SKIP,open failed: A hybrid cross-reference stream /Size must match its trailer /Size (byte offset 1217045).
preservation\openpreserve-format-corpus\jhove-errors\PDF-HUL-2\UMTRI-2008-80.pdf,SKIP,open failed: Cross-reference object 399 generation cannot decrease across incremental revisions (byte offset 1637969).
preservation\openpreserve-format-corpus\jhove-errors\PDF-HUL-27\10.1177_002188637401000301.pdf,SKIP,"open failed: An xref generation must be between 0 and 65,535 (byte offset 629194)."
preservation\openpreserve-format-corpus\jhove-errors\PDF-HUL-27\10.1177_019394598600800118.pdf,SKIP,"open failed: An xref generation must be between 0 and 65,535 (byte offset 297956)."
preservation\openpreserve-format-corpus\jhove-errors\PDF-HUL-28\585_1.pdf,FAIL,save failed: Trailer /Root value contains a stale indirect reference.
preservation\openpreserve-format-corpus\jhove-errors\PDF-HUL-29\108560872853724641186820772746051340254.pdf,OK,
preservation\openpreserve-format-corpus\jhove-errors\PDF-HUL-29\66307685772445958696367606316017333077.pdf,OK,
preservation\openpreserve-format-corpus\jhove-errors\PDF-HUL-33\0b1b4c74-8635-4572-9440-f71915654c33.pdf,SKIP,open failed: An indirect object must begin with an object number (byte offset 940745).
preservation\openpreserve-format-corpus\jhove-errors\PDF-HUL-34\emi15514-sup-0002-SupinfoS2.pdf,SKIP,open failed: An indirect object must begin with an object number (byte offset 289837).
preservation\openpreserve-format-corpus\jhove-errors\PDF-HUL-34\jcpe13896_am.pdf,OK,
preservation\openpreserve-format-corpus\jhove-errors\PDF-HUL-35\143424271191706722106594310729442158189.pdf,FAIL,save failed: A stream payload must end with the endstream keyword (byte offset 19901341).
preservation\openpreserve-format-corpus\jhove-errors\PDF-HUL-35\A Defence of the New Tenseless Theory of Time.pdf,FAIL,save failed: Unexpected closing parenthesis (byte offset 246816).
preservation\openpreserve-format-corpus\jhove-errors\PDF-HUL-42\3253-Article Text-6302-1-10-20190531.pdf,FAIL,save failed: A PDF dictionary key must be a name (byte offset 477220).
preservation\openpreserve-format-corpus\jhove-errors\PDF-HUL-45\10531_2004_Article_5096977.pdf,OK,
preservation\openpreserve-format-corpus\jhove-errors\PDF-HUL-45\It's all about connecting Reasons for drug use among Latino gay men living in the San Francisco Bay Area.pdf,OK,
preservation\openpreserve-format-corpus\jhove-errors\PDF-HUL-66\s41589-021-00892-6.pdf,OK,
preservation\openpreserve-format-corpus\jhove-errors\PDF-HUL-66\Wiki SI 563 2021.pdf,FAIL,save failed: Malformed numeric token (byte offset 508575).
preservation\openpreserve-format-corpus\jhove-errors\PDF-HUL-68\carp2010-2.pdf,SKIP,open failed: Trailer /Prev must point to an earlier cross-reference section (byte offset 1556672).
preservation\openpreserve-format-corpus\jhove-errors\PDF-HUL-71\MICOM MI Lighthouse Poster.pdf,OK,
preservation\openpreserve-format-corpus\jhove-errors\PDF-HUL-71\mipeng_poster_w24.pdf,OK,
preservation\openpreserve-format-corpus\jhove-errors\PDF-HUL-78\CLLASS Report for ER&L 2020.pdf,FAIL,save failed: Trailer /Root value contains a stale indirect reference.
preservation\openpreserve-format-corpus\jhove-errors\PDF-HUL-78\ModRob_An_Inexpensive_and_Modular_Robotic_Arm_for_Hobbyists_Poster_-_Albert_Anwar.pdf,FAIL,save failed: Trailer /Root value contains a stale indirect reference.
preservation\openpreserve-format-corpus\jhove-errors\PDF-HUL-79\ET paper.pdf,SKIP,open failed: Trailer /ID must be an array of two strings (byte offset 3010695).
preservation\openpreserve-format-corpus\jhove-errors\PDF-HUL-79\Lewis and Theriot_LIP final report.pdf,SKIP,open failed: Trailer /ID must be an array of two strings (byte offset 743142).
preservation\openpreserve-format-corpus\jhove-errors\PDF-HUL-80\bessar.pdf,OK,
preservation\openpreserve-format-corpus\jhove-errors\PDF-HUL-80\Rosen--Caring-Work.pdf,OK,
preservation\openpreserve-format-corpus\jhove-errors\PDF-HUL-81\facct2025-final168.pdf,OK,
preservation\openpreserve-format-corpus\jhove-errors\PDF-HUL-81\Gasp_and_Wheeze_Puppetry.pdf,OK,
preservation\openpreserve-format-corpus\jhove-errors\PDF-HUL-85\All Quiet on the Third Coast.pdf,SKIP,open failed: An indirect object header must end with the obj keyword (byte offset 2074433).
preservation\openpreserve-format-corpus\jhove-errors\PDF-HUL-85\ESUjulyaugust2002.pdf,SKIP,open failed: An indirect object must begin with an object number (byte offset 1657585).
preservation\openpreserve-format-corpus\jhove-errors\PDF-HUL-86\117202521857413588359819480739728143692.pdf,SKIP,open failed: Trailer /Size must be greater than every in-use object number (byte offset 13326934).
preservation\openpreserve-format-corpus\jhove-errors\PDF-HUL-86\NeilJairath_3.pdf,SKIP,open failed: Trailer /Size must be greater than every in-use object number (byte offset 1312772).
preservation\openpreserve-format-corpus\jhove-errors\PDF-HUL-87\EngHonorsCapstoneReport-Final.pdf,FAIL,save failed: Cross-reference entry 8 0 points to object 4 0 (byte offset 0).
preservation\openpreserve-format-corpus\jhove-errors\PDF-HUL-87\kateking_presentation_WN23.pdf,FAIL,save failed: Cross-reference entry 8 0 points to object 3 0 (byte offset 0).
preservation\openpreserve-format-corpus\jhove-errors\PDF-HUL-90\Arakawa-2025-Lab_Animal.pdf,OK,
preservation\openpreserve-format-corpus\jhove-errors\PDF-HUL-94\14504801192_ftp.pdf,FAIL,save failed: Token Keyword cannot begin a PDF object (byte offset 251180).
preservation\openpreserve-format-corpus\jhove-errors\PDF-HUL-94\241573_ftp.pdf,FAIL,save failed: Token Keyword cannot begin a PDF object (byte offset 1039298).
preservation\openpreserve-format-corpus\office-examples\LibreOffice 3.5.0rc3 OSX\simple.pdf,OK,
preservation\openpreserve-format-corpus\office-examples\OpenOffice.org 3.2.0 OSX\embeds\embedded-lucinda-sans-PDFA-1a.pdf,OK,
preservation\openpreserve-format-corpus\office-examples\OpenOffice.org 3.2.0 OSX\embeds\embedded-lucinda-sans.pdf,OK,
preservation\openpreserve-format-corpus\office-examples\OpenOffice.org 3.2.0 OSX\embeds\embedded-png.pdf,OK,
preservation\openpreserve-format-corpus\office-examples\OpenOffice.org 3.2.0 OSX\embeds\embedded-tiff.pdf,OK,
preservation\openpreserve-format-corpus\office-examples\OpenOffice.org 3.2.0 OSX\pdf-features\simple-annotated-in-adobe-x.pdf,OK,
preservation\openpreserve-format-corpus\office-examples\OpenOffice.org 3.2.0 OSX\pdf-features\simple-open-nocopy-password.pdf,SKIP,encrypted - batch mode does not strip encryption
preservation\openpreserve-format-corpus\office-examples\OpenOffice.org 3.2.0 OSX\pdf-features\simple-open-password.pdf,SKIP,encrypted - batch mode does not strip encryption
preservation\openpreserve-format-corpus\office-examples\OpenOffice.org 3.2.0 OSX\pdf-features\simple-password-copy.pdf,SKIP,encrypted - batch mode does not strip encryption
preservation\openpreserve-format-corpus\office-examples\OpenOffice.org 3.2.0 OSX\pdf-features\simple-password-nocopy.pdf,SKIP,encrypted - batch mode does not strip encryption
preservation\openpreserve-format-corpus\office-examples\OpenOffice.org 3.2.0 OSX\pdf-features\simple-PDFA-1a.pdf,OK,
preservation\openpreserve-format-corpus\office-examples\OpenOffice.org 3.2.0 OSX\pdf-features\simple.pdf,OK,
preservation\openpreserve-format-corpus\office-examples\OpenOffice.org 3.3.0 OSX\pdf-features\simple.pdf,OK,
preservation\openpreserve-format-corpus\variations\variations\application\pdf\lorem-ipsum-pages-09-4.1-923.pdf,OK,
preservation\openpreserve-format-corpus\variations\variations\application\pdf\lorem-ipsum.oo3.2.export-pdfa.pdf,OK,
preservation\openpreserve-format-corpus\variations\variations\application\pdf\lorem-ipsum.oo3.2.export.pdf,OK,
preservation\openpreserve-format-corpus\variations\variations\application\pdf\lorem-ipsum.pdf,OK,
color\ghent-gos5\patches\Ghent_PDF_Output_Suite_V50_Patches\Categories\1-CMYK\Patches\GWG010_CMYK_OP_x3.pdf,OK,
color\ghent-gos5\patches\Ghent_PDF_Output_Suite_V50_Patches\Categories\1-CMYK\Patches\GWG011_Overprint-Mode_x3.pdf,OK,
color\ghent-gos5\patches\Ghent_PDF_Output_Suite_V50_Patches\Categories\1-CMYK\Patches\GWG050_Font_Substitution_x3.pdf,OK,
color\ghent-gos5\patches\Ghent_PDF_Output_Suite_V50_Patches\Categories\1-CMYK\Patches\GWG051_Font_subset_PSnames_ident_x1a.pdf,OK,
color\ghent-gos5\patches\Ghent_PDF_Output_Suite_V50_Patches\Categories\1-CMYK\Patches\GWG052_Font_subset_PSnames_diff_x1a.pdf,OK,
color\ghent-gos5\patches\Ghent_PDF_Output_Suite_V50_Patches\Categories\1-CMYK\Patches\GWG060_Shading_x1a.pdf,OK,
color\ghent-gos5\patches\Ghent_PDF_Output_Suite_V50_Patches\Categories\1-CMYK\Patches\GWG061_Shading_x1a.pdf,OK,
color\ghent-gos5\patches\Ghent_PDF_Output_Suite_V50_Patches\Categories\1-CMYK\Patches\GWG082_DeviceN-Support_4c_x3.pdf,OK,
color\ghent-gos5\patches\Ghent_PDF_Output_Suite_V50_Patches\Categories\1-CMYK\Patches\GWG090_Font-Support_x3.pdf,OK,
color\ghent-gos5\patches\Ghent_PDF_Output_Suite_V50_Patches\Categories\1-CMYK\Patches\GWG091_FontSupport-OpenType_X4.pdf,OK,
color\ghent-gos5\patches\Ghent_PDF_Output_Suite_V50_Patches\Categories\1-CMYK\Patches\GWG150_OptionalContent-OCCD_X4.pdf,OK,
color\ghent-gos5\patches\Ghent_PDF_Output_Suite_V50_Patches\Categories\1-CMYK\Patches\GWG151_OptionalContent-RBGroup_X4.pdf,OK,
color\ghent-gos5\patches\Ghent_PDF_Output_Suite_V50_Patches\Categories\1-CMYK\Patches\GWG152_OptionalContent-OCMD_X4.pdf,OK,
color\ghent-gos5\patches\Ghent_PDF_Output_Suite_V50_Patches\Categories\1-CMYK\Patches\GWG160_Transp_Basic_BM_DeviceCMYK_Non-knockout_X4.pdf,OK,
color\ghent-gos5\patches\Ghent_PDF_Output_Suite_V50_Patches\Categories\1-CMYK\Patches\GWG1610_Softmasks_Text_part1_X4.pdf,OK,
color\ghent-gos5\patches\Ghent_PDF_Output_Suite_V50_Patches\Categories\1-CMYK\Patches\GWG1611_Softmasks_Text_part2_X4.pdf,OK,
color\ghent-gos5\patches\Ghent_PDF_Output_Suite_V50_Patches\Categories\1-CMYK\Patches\GWG161_Transp_Basic_BM_DeviceCMYK_Knockout_X4.pdf,OK,
color\ghent-gos5\patches\Ghent_PDF_Output_Suite_V50_Patches\Categories\1-CMYK\Patches\GWG162_Transp_Basic_BM_DeviceCMYK_Isolate_X4.pdf,OK,
color\ghent-gos5\patches\Ghent_PDF_Output_Suite_V50_Patches\Categories\1-CMYK\Patches\GWG166_Softmasks_Images_DeviceCMYK_X4.pdf,OK,
color\ghent-gos5\patches\Ghent_PDF_Output_Suite_V50_Patches\Categories\1-CMYK\Patches\GWG168_Softmasks_Vector_part1_X4.pdf,OK,
color\ghent-gos5\patches\Ghent_PDF_Output_Suite_V50_Patches\Categories\1-CMYK\Patches\GWG169_Softmasks_Vector_part2_X4.pdf,OK,
color\ghent-gos5\patches\Ghent_PDF_Output_Suite_V50_Patches\Categories\1-CMYK\Patches\GWG170_JPEG2000_compression_DeviceCMYK_X4.pdf,OK,
color\ghent-gos5\patches\Ghent_PDF_Output_Suite_V50_Patches\Categories\1-CMYK\Patches\GWG173_JBIG2_compression_X4.pdf,OK,
color\ghent-gos5\patches\Ghent_PDF_Output_Suite_V50_Patches\Categories\1-CMYK\Patches\GWG181_16Bit_DeviceCMYK_x4.pdf,OK,
color\ghent-gos5\patches\Ghent_PDF_Output_Suite_V50_Patches\Categories\1-CMYK\Patches\GWG190_DeviceN_Overprint_Black_X1a.pdf,OK,
color\ghent-gos5\patches\Ghent_PDF_Output_Suite_V50_Patches\Categories\1-CMYK\Patches\GWG191_DeviceN_Overprint_Yellow_X1a.pdf,OK,
color\ghent-gos5\patches\Ghent_PDF_Output_Suite_V50_Patches\Categories\1-CMYK\Patches\GWG192_DeviceN_Overprint_White_X1a.pdf,OK,
color\ghent-gos5\patches\Ghent_PDF_Output_Suite_V50_Patches\Categories\1-CMYK\ReadMes\GWG011_Overprint-Mode_ReadMe.pdf,OK,
color\ghent-gos5\patches\Ghent_PDF_Output_Suite_V50_Patches\Categories\1-CMYK\ReadMes\GWG050_Font_Substitution_ReadMe.pdf,SKIP,open failed: Cross-reference object 11 generation cannot decrease across incremental revisions (byte offset 198506).
color\ghent-gos5\patches\Ghent_PDF_Output_Suite_V50_Patches\Categories\1-CMYK\ReadMes\GWG051-052_Font_subset_PSnames_ReadMe.pdf,SKIP,open failed: Cross-reference object 13 generation cannot decrease across incremental revisions (byte offset 140733).
color\ghent-gos5\patches\Ghent_PDF_Output_Suite_V50_Patches\Categories\1-CMYK\ReadMes\GWG051_Font_subset_PSnames_ident_Font-report.pdf,OK,
color\ghent-gos5\patches\Ghent_PDF_Output_Suite_V50_Patches\Categories\1-CMYK\ReadMes\GWG052_Font_subset_PSnames_diff_Font-report.pdf,OK,
color\ghent-gos5\patches\Ghent_PDF_Output_Suite_V50_Patches\Categories\1-CMYK\ReadMes\GWG060-061_Shading_ReadMe.pdf,SKIP,open failed: Cross-reference object 11 generation cannot decrease across incremental revisions (byte offset 320124).
color\ghent-gos5\patches\Ghent_PDF_Output_Suite_V50_Patches\Categories\1-CMYK\ReadMes\GWG082_DeviceN-Support_4c_ReadMe.pdf,OK,
color\ghent-gos5\patches\Ghent_PDF_Output_Suite_V50_Patches\Categories\1-CMYK\ReadMes\GWG090_Font-Support_ReadMe.pdf,SKIP,open failed: Cross-reference object 141 generation cannot decrease across incremental revisions (byte offset 1159447).
color\ghent-gos5\patches\Ghent_PDF_Output_Suite_V50_Patches\Categories\1-CMYK\ReadMes\GWG091_FontSupport-OpenType_ReadMe.pdf,OK,
color\ghent-gos5\patches\Ghent_PDF_Output_Suite_V50_Patches\Categories\1-CMYK\ReadMes\GWG150_OptionalContent-OCCD_ReadMe.pdf,OK,
color\ghent-gos5\patches\Ghent_PDF_Output_Suite_V50_Patches\Categories\1-CMYK\ReadMes\GWG151_OptionalContent-OCRB_ReadMe.pdf,OK,
color\ghent-gos5\patches\Ghent_PDF_Output_Suite_V50_Patches\Categories\1-CMYK\ReadMes\GWG152_OptionalContent-OCMD_ReadMe.pdf,OK,
color\ghent-gos5\patches\Ghent_PDF_Output_Suite_V50_Patches\Categories\1-CMYK\ReadMes\GWG160-162_Transp_Basic_BM_DeviceCMYK_ReadMe.pdf,OK,
color\ghent-gos5\patches\Ghent_PDF_Output_Suite_V50_Patches\Categories\1-CMYK\ReadMes\GWG166-1611_SoftMasks_ReadMe.pdf,OK,
color\ghent-gos5\patches\Ghent_PDF_Output_Suite_V50_Patches\Categories\1-CMYK\ReadMes\GWG170+173_ImageCompression_ReadMe.pdf,OK,
color\ghent-gos5\patches\Ghent_PDF_Output_Suite_V50_Patches\Categories\1-CMYK\ReadMes\GWG180-184_16Bit_Images_README.pdf,OK,
color\ghent-gos5\patches\Ghent_PDF_Output_Suite_V50_Patches\Categories\1-CMYK\ReadMes\GWG190_DeviceN_Overprint_Black_ReadMe.pdf,OK,
color\ghent-gos5\patches\Ghent_PDF_Output_Suite_V50_Patches\Categories\1-CMYK\ReadMes\GWG191_DeviceN_Overprint_Yellow_ReadMe.pdf,OK,
color\ghent-gos5\patches\Ghent_PDF_Output_Suite_V50_Patches\Categories\1-CMYK\ReadMes\GWG192_DeviceN_Overprint_White_ReadMe.pdf,OK,
color\ghent-gos5\patches\Ghent_PDF_Output_Suite_V50_Patches\Categories\1-CMYK\Test pages\Ghent_PDF-Output-Test-V50_CMYK_X4.pdf,OK,
color\ghent-gos5\patches\Ghent_PDF_Output_Suite_V50_Patches\Categories\2-SPOT\Patches\GWG020_CMYKSpot_OP_x1a.pdf,OK,
color\ghent-gos5\patches\Ghent_PDF_Output_Suite_V50_Patches\Categories\2-SPOT\Patches\GWG030_Gray_K_black_OP_X1.pdf,OK,
color\ghent-gos5\patches\Ghent_PDF_Output_Suite_V50_Patches\Categories\2-SPOT\Patches\GWG031_Gray Image Overprint_CMYK+Spot_X1a.pdf,OK,
color\ghent-gos5\patches\Ghent_PDF_Output_Suite_V50_Patches\Categories\2-SPOT\Patches\GWG040_White_OP_x1a.pdf,OK,
color\ghent-gos5\patches\Ghent_PDF_Output_Suite_V50_Patches\Categories\2-SPOT\Patches\GWG041_White_OP_x3.pdf,OK,
color\ghent-gos5\patches\Ghent_PDF_Output_Suite_V50_Patches\Categories\2-SPOT\Patches\GWG080_DeviceN-Support_6c_x3.pdf,OK,
color\ghent-gos5\patches\Ghent_PDF_Output_Suite_V50_Patches\Categories\2-SPOT\Patches\GWG081_DeviceN-Support_5c_X1a.pdf,OK,
color\ghent-gos5\patches\Ghent_PDF_Output_Suite_V50_Patches\Categories\2-SPOT\Patches\GWG120_White_OP-KO_X1.pdf,OK,
color\ghent-gos5\patches\Ghent_PDF_Output_Suite_V50_Patches\Categories\2-SPOT\ReadMes\GWG030_Gray_K_black_OP_ReadMe.pdf,SKIP,open failed: Cross-reference object 11 generation cannot decrease across incremental revisions (byte offset 209001).
color\ghent-gos5\patches\Ghent_PDF_Output_Suite_V50_Patches\Categories\2-SPOT\ReadMes\GWG031_Gray Image Overprint_CMYK+Spot_ReadMe.pdf,OK,
color\ghent-gos5\patches\Ghent_PDF_Output_Suite_V50_Patches\Categories\2-SPOT\ReadMes\GWG040_White_OP_ReadMe.pdf,SKIP,open failed: Cross-reference object 11 generation cannot decrease across incremental revisions (byte offset 1466115).
color\ghent-gos5\patches\Ghent_PDF_Output_Suite_V50_Patches\Categories\2-SPOT\ReadMes\GWG080_DeviceN-Support_6c_ReadMe.pdf,OK,
color\ghent-gos5\patches\Ghent_PDF_Output_Suite_V50_Patches\Categories\2-SPOT\ReadMes\GWG081_DeviceN-Support_5c_ReadMe.pdf,OK,
color\ghent-gos5\patches\Ghent_PDF_Output_Suite_V50_Patches\Categories\2-SPOT\ReadMes\GWG120_White_OP-KO_ReadMe.pdf,OK,
color\ghent-gos5\patches\Ghent_PDF_Output_Suite_V50_Patches\Categories\2-SPOT\Test page\Ghent_PDF-Output-Test-V50_SPOT_X4.pdf,OK,
color\ghent-gos5\patches\Ghent_PDF_Output_Suite_V50_Patches\Categories\3-ICC-CMS\Patches\GWG130_ICC_Source_Profile_x4.pdf,OK,
color\ghent-gos5\patches\Ghent_PDF_Output_Suite_V50_Patches\Categories\3-ICC-CMS\Patches\GWG132_ICCbasedCMYK_OverPrint_x4.pdf,OK,
color\ghent-gos5\patches\Ghent_PDF_Output_Suite_V50_Patches\Categories\3-ICC-CMS\Patches\GWG133_ICCbasedRGB_OverPrint_x4.pdf,OK,
color\ghent-gos5\patches\Ghent_PDF_Output_Suite_V50_Patches\Categories\3-ICC-CMS\Patches\GWG161_Transp_Basic_BM_ICCBasedRGB_x4.pdf,OK,
color\ghent-gos5\patches\Ghent_PDF_Output_Suite_V50_Patches\Categories\3-ICC-CMS\Patches\GWG164_Transp_Basic_BM_ICCbasedCMYK_x4.pdf,OK,
color\ghent-gos5\patches\Ghent_PDF_Output_Suite_V50_Patches\Categories\3-ICC-CMS\Patches\GWG167_Softmasks_Images_ICCBasedRGB_x4.pdf,OK,
color\ghent-gos5\patches\Ghent_PDF_Output_Suite_V50_Patches\Categories\3-ICC-CMS\Patches\GWG172_JPEG2000_compression_ICCBasedRGB_x4.pdf,OK,
color\ghent-gos5\patches\Ghent_PDF_Output_Suite_V50_Patches\Categories\3-ICC-CMS\Patches\GWG180_16Bit_Images_ICCbasedRGB_x4.pdf,OK,
color\ghent-gos5\patches\Ghent_PDF_Output_Suite_V50_Patches\Categories\3-ICC-CMS\Patches\GWG182_16Bit_Images_ICCbasedGray_x4.pdf,OK,
color\ghent-gos5\patches\Ghent_PDF_Output_Suite_V50_Patches\Categories\3-ICC-CMS\Patches\GWG183_16Bit_Images_DeviceGray_x4.pdf,OK,
color\ghent-gos5\patches\Ghent_PDF_Output_Suite_V50_Patches\Categories\3-ICC-CMS\Patches\GWG184_16Bit_Images_ICCbasedCMYK_x4.pdf,OK,
color\ghent-gos5\patches\Ghent_PDF_Output_Suite_V50_Patches\Categories\3-ICC-CMS\Patches\GWG205_ICC-V4-CMYK-Image_x4.pdf,OK,
color\ghent-gos5\patches\Ghent_PDF_Output_Suite_V50_Patches\Categories\3-ICC-CMS\Patches\GWG206_ICC_V4-RGB-Image_x4.pdf,OK,
color\ghent-gos5\patches\Ghent_PDF_Output_Suite_V50_Patches\Categories\3-ICC-CMS\Patches\GWG220_ColorConversionIndicator_x4.pdf,OK,
color\ghent-gos5\patches\Ghent_PDF_Output_Suite_V50_Patches\Categories\3-ICC-CMS\Patches\GWG221_OutputIntentChangeIndicator_x4.pdf,OK,
color\ghent-gos5\patches\Ghent_PDF_Output_Suite_V50_Patches\Categories\3-ICC-CMS\Patches\GWG230_Four_different Grays_x1a.pdf,OK,
color\ghent-gos5\patches\Ghent_PDF_Output_Suite_V50_Patches\Categories\3-ICC-CMS\ReadMes\GWG130_ICC_Source_Profile_README.pdf,OK,
color\ghent-gos5\patches\Ghent_PDF_Output_Suite_V50_Patches\Categories\3-ICC-CMS\ReadMes\GWG132-133_ICCbased_Overprint_README.pdf,OK,
color\ghent-gos5\patches\Ghent_PDF_Output_Suite_V50_Patches\Categories\3-ICC-CMS\ReadMes\GWG161-164_Transp_Basic_BM_ICCBased_README.pdf,OK,
color\ghent-gos5\patches\Ghent_PDF_Output_Suite_V50_Patches\Categories\3-ICC-CMS\ReadMes\GWG167_Softmasks_Images_ICCBasedRGB_README.pdf,OK,
color\ghent-gos5\patches\Ghent_PDF_Output_Suite_V50_Patches\Categories\3-ICC-CMS\ReadMes\GWG172_JPEG2000_compression_ICCBasedRGB_README.pdf,OK,
color\ghent-gos5\patches\Ghent_PDF_Output_Suite_V50_Patches\Categories\3-ICC-CMS\ReadMes\GWG205-206_ICC-V4-Images_README.pdf,OK,
color\ghent-gos5\patches\Ghent_PDF_Output_Suite_V50_Patches\Categories\3-ICC-CMS\ReadMes\GWG220_ColorConversionIndicator_README.pdf,OK,
color\ghent-gos5\patches\Ghent_PDF_Output_Suite_V50_Patches\Categories\3-ICC-CMS\ReadMes\GWG221_OutputIntentChangeIndicator_README.pdf,OK,
color\ghent-gos5\patches\Ghent_PDF_Output_Suite_V50_Patches\Categories\3-ICC-CMS\ReadMes\GWG230_Four_different Grays_README.pdf,OK,
color\ghent-gos5\patches\Ghent_PDF_Output_Suite_V50_Patches\Categories\3-ICC-CMS\Test pages\Ghent_PDF-Output-Test-V50_ICC-CMS_X4.pdf,OK,
