"File","QpdfExitCode","SHA256","Bytes"
"compare-for-test\qtest\compare\diff-data-enc.pdf","0","287224CA68B74751CFBAA15AA43AA012D97D85D308F33DC7472E7992E05462B0","1519"
"compare-for-test\qtest\compare\diff-data-size-unc.pdf","0","734E3608B7502140BCEC8AFB0CB98C8BE481DB96D9410DF31A2431B1B08EA255","843"
"compare-for-test\qtest\compare\diff-data-size.pdf","0","50F5486EAEE508039DB6ACDD5BD3A4C49A826095F192D263C8CD6FC886AD8CF1","847"
"compare-for-test\qtest\compare\diff-data-unc.pdf","0","E7EFF767616D7DD20050BA036ED2E8D737531BE6A7DD0A23946AF05F63D5C162","844"
"compare-for-test\qtest\compare\diff-data.pdf","0","0C10EDBE650D4573B89DA3C2EC7E46DACAE4356A0A6C26BFFCF133AA00DB5BC0","849"
"compare-for-test\qtest\compare\diff-id.pdf","0","5D3CD57A49F0680548C14C55FE03F539DB6CD194F83241582DE0ACAB9D8730F2","844"
"compare-for-test\qtest\compare\diff-non-stream.pdf","0","AE7C46565076A1DBE9ABF409F82E6C46F43670FD404CBAA2A52318E8429A09C2","844"
"compare-for-test\qtest\compare\diff-num-objects.pdf","0","DA6ED864DD7C6B9EB57DC6368FE7C8B1AEAAF63A1C16CE7B886BDE4C6FD6706E","882"
"compare-for-test\qtest\compare\diff-object-type.pdf","0","FCB21F9B62288FC3A0D8886866988F40757AC3753CDCF186D813529C7518D2A6","765"
"compare-for-test\qtest\compare\diff-stream-dict.pdf","0","B0FAE89EA4CAFFDDE135E412CD7A253FEA8F4916E163C4E222C8A2C86D5B709C","844"
"compare-for-test\qtest\compare\enc1.pdf","0","CA2B06F4F7A78DA93E8572438C8D5DA03D470D32B8A7085B22634A8F9CA3B2A6","1503"
"compare-for-test\qtest\compare\enc2.pdf","0","A2E9678DC1B2A192741F7C9DA2C567BBA61418A637A25BB88456D709138AC338","1519"
"compare-for-test\qtest\compare\ostream1.pdf","0","DC58232F88627F5A5507CD062477AA2D54E756703403E96A112057505EC19914","833"
"compare-for-test\qtest\compare\ostream2.pdf","0","60CE71946FBC95381BA2A2E4EE5A4D5A4A25E65D11B301856E8C421614FE4B01","843"
"compare-for-test\qtest\compare\start.pdf","2","9B2049E7804BEF42622AFBA2D7BF7E3FB051933E6B79BF0273BC2CA6E91B52B6","924"
"compare-for-test\qtest\compare\zlib-9.pdf","0","A0A28A72E1EA8C6E0FAFB3843EC388413632910C78AE52CB2B3A6AAA640EB6C5","844"
"compare-for-test\qtest\compare\zlib-new-id.pdf","0","924E9BA6BA0461685E92A63233B4ABD241F669FCA0971AAECFD95640EE5F14F5","844"
"compare-for-test\qtest\compare\zlib-new-id1.pdf","0","69A48DE1B91A78BB24370801F7E03F7C05910B557E59EA36CDE878E43A9B4CD8","844"
"compare-for-test\qtest\compare\zlib-new-id2.pdf","0","A080EB00128888ADC89250FA4538BD8E3AB5B914FF2534F2A264C4872F1EF02B","844"
"compare-for-test\qtest\compare\zlib-ng.pdf","0","D23B94009ACCAEB7A9B70DE5FF8DE1414D9EC7A7B621C4E29C816F15210C43D1","848"
"compare-for-test\qtest\compare\zlib.pdf","0","3F2C12E21CDB138C6CEB092302524E0112D95DC49BA0F5C1226B39FCCCC9AC45","844"
"examples\qtest\attach-file\input.pdf","3","7DA23B28E8650641E6B4EB551887836B7206C6D26F019BBB86677D5D7A9A270C","842"
"examples\qtest\attach-file\output.pdf","0","2458898BAAE81C250CEE68B21F87D8878604DF1091F3A803C55FFF13A2B8C9E2","5285"
"examples\qtest\bookmarks\1.pdf","3","08D73A2BE897FA74764200F14E3B7014097F4A07CCAEBDB57324F2B6C6988B77","17318"
"examples\qtest\bookmarks\3.pdf","2","A0047B1D341FD259A4B14FB42B14134EFDD16BEBFF4E8292CB235C0BB895F3E5","14"
"examples\qtest\bookmarks\4.pdf","2","509ED440828062F66D42DCC15FCBE85E46045D8462B32E69D0B5444203821F07","11561"
"examples\qtest\bookmarks\5.pdf","3","0DF38B0F4A08B4877495FBD1A84A99E6ACA3489061EE70D4F9A6655BFE7AA67F","18726"
"examples\qtest\bookmarks\issue-179.pdf","0","07FDCD53DDE2CEA3B11F65E8CF907CECE6D8BF6917F9061D9A8DE3BBA5E0001A","1824"
"examples\qtest\c-objects\1-out.pdf","0","4336D281897DEA817F5B816DF9424DE934F99C3D70CC293934A48B9C399D96E4","12315"
"examples\qtest\c-objects\1.pdf","3","8B441AFC73F01D2E16636195D88B9F80542C565EADADAC6EED1B98BC42382924","17292"
"examples\qtest\c-objects\2-out.pdf","0","2A4332AFB390AD341227EA3D4E28ADA3BD1585765B5D0D7FD693E46EAA28977C","799"
"examples\qtest\c-objects\2.pdf","3","626E3F6DE01F40C247160D3BC2CD85E817D8E1127E55086066FF02D6862701D3","1084"
"examples\qtest\count-strings\in.pdf","0","6707C963E8CC71A3F56C367F70E2E1309D5DBED8C9AC11153F848ABDE90618CF","1348"
"examples\qtest\custom-filter\generalized.pdf","0","53BBD3F96719EABA14BF6AF254109FF8137B15C29BD0EE367D663AC83D7D63F8","2091"
"examples\qtest\custom-filter\input.pdf","3","8F8B4D3CF4E963C927111E50E61BEC6BDAF3A004941B298BFDE62F0EFF769234","2316"
"examples\qtest\custom-filter\specialized.pdf","0","531793370925393333D8B00FF101608F0023E5805B43E0E5F3396F63C0081462","1750"
"examples\qtest\double-page-size\in.pdf","3","D18C8BD31AD490150286C9DC40579036F5BF796FF88C8BA075FE8B240AA1899C","1110"
"examples\qtest\double-page-size\out.pdf","3","D68BFBFA58995DB99FD5DB32DA41E9D8F7061405C10ED651F0F130E1886D1C75","1320"
"examples\qtest\extend-c-api\bad.pdf","2","FEB54BBE8D6EBBE4CE9AD416EB00D3C175599E5E1A7B07300B09E1CA9EEF6016","21"
"examples\qtest\extend-c-api\good.pdf","3","FDA86B7C07747C6178E56FCFA1D02DADA6FF47F3494A0A0C7DB221AFDB6A7650","806"
"examples\qtest\filter-tokens\in.pdf","3","AEAEF405396BAED5F74769C2AF4997CF60F535E6E438DB03F8CA2D6E04C90C9E","12929"
"examples\qtest\filter-tokens\out.pdf","3","5CB310352A278244859107426D1DB867F5627F8914BD4EE1F702E7149CD849A8","12737"
"examples\qtest\invert-images\in.pdf","0","B675D08C56F6F884833B49F3C6066E9A2BDEB2CE49C6B72B8F14858532F952D4","4328"
"examples\qtest\invert-images\out.pdf","0","701067E3F0B9F894159F21729CCBE00889EA297B1328FD2D4F1B7E1732109C9C","4328"
"examples\qtest\mod-info\files\empty-info.pdf","0","AC6C941B7C7C34EEF061EF7AC5B967B43B6B1C34959BAFEC840CE96CF6B5856B","5802"
"examples\qtest\mod-info\files\no-info.pdf","0","0AA08A17C8747CD60705AD36026623725F6F26C197B4DDEC030AABBF3E2AAACF","5790"
"examples\qtest\mod-info\files\source1.pdf","0","94C45353FE255A60BC54293888470A7A793F5740C0DEFEA5B90E88F3DC43B7FC","5932"
"examples\qtest\mod-info\files\source2.pdf","0","6F7855A995DDC405691F9E357E1A0C1770B14E0DEE5D8E27F6289808E04C742A","157418"
"examples\qtest\name-number-tree\out.pdf","2","50971AACF1B7F22E69BC749CD3DF977A78F3A91C657AA90E83A7DD904E2640FF","2043"
"examples\qtest\overlay-page\annotations-out.pdf","0","A3D0F4F7766E25265762016D51865397E2CAF2D383C80DA9C3B027E5A056A329","25868"
"examples\qtest\overlay-page\annotations.pdf","3","1963F224A7742BDAF4793B211AD492458916B8AA918B548AA804F59A3ECD78ED","10590"
"examples\qtest\overlay-page\in.pdf","0","D66C4F6540F0932C827708DF02F0A32F9F4DEB33DE5AEC3EB74F30B48D898ED6","1840"
"examples\qtest\overlay-page\out.pdf","0","831BB415AF3CA65222514C01B6B9F347C551AE58EB2CFDD08B1B369AD86F8804","3345"
"examples\qtest\overlay-page\stamp.pdf","0","FCE62551622D45E23F8064204C8A5A66E2CD719B4A818EE9626B847523EECA09","799"
"examples\qtest\parse-content\input.pdf","0","B3FF016F66465CAACA7E7A9685D3EDD4F044D2D770569175827978BEC9782FDD","799"
"examples\qtest\pdf-split-pages\exp1.pdf","3","9AEF5345DBFF9911F34BB9C1B1D5FA77986E891331A924788D4645C8FD8E32A2","814"
"examples\qtest\pdf-split-pages\exp2.pdf","3","6C1CA95F42236EE6CC70B9F49A016F0F619CE4984D5E201504F3A9C239440744","814"
"examples\qtest\pdf-split-pages\in.pdf","0","22505F44677CFC9D579B2132BA06C46428E67AAC5CFF4325C3951FB2A3FA4227","1287"
"examples\qtest\qpdf-job\in.pdf","3","6E033B0850A142F454CAF57B3CA2B469857B27D271C3E1D11D77FBAF5BBE100B","829"
"examples\qtest\qpdf-job\out.pdf","0","7D79CA8E37EDF22855AD3FC0B9AE13D40882F4ECE838480D51C191889A8E57F6","1278"
"examples\qtest\qpdfjob-attachment\attach.pdf","0","939E6D126AA798847FD14762274FDB56A03600B2889AD1556D8CD66D399AFA3B","1290"
"examples\qtest\qpdfjob-c\out.pdf","0","F17946ED882EDB4C3A271A783FCF451BE4DF7808A8F34E6F0B275B69A19A1506","1300"
"examples\qtest\qpdfjob-remove-annotations\annotations-out.pdf","0","C28219E5D57C2DEE1BA7BEB37D58B038725F54AAF26588829E222860D88B7340","5284"
"examples\qtest\set-form-values\form-in.pdf","0","599304A4C47FA25155FC732CB9BFFE2882EA39894E14F812905C4EC2F5826C14","54848"
"examples\qtest\set-form-values\form-out.pdf","0","BA0AC8DB2B09CA67D5E7ECBAE3BE3DB576AD79FE1847462A7FE134E0C9407D44","32259"
"libtests\qtest\logger\2pages.pdf","0","281271E3E63434070F95DB7CC1394CD65385FDEA678D940A414C92F3BC29367F","1287"
"libtests\qtest\logger\warning.pdf","3","6324ADFA6FA2FA3062289E33421E0297FB033CB14EEB949C9765DFC955F58433","843"
"qpdf\qtest\qpdf\11-pages-with-labels.pdf","0","3EAE6C878C9AD7FDBAB6B9748FF208F0CA47508AA7F578B44A7909B2431EC77B","4215"
"qpdf\qtest\qpdf\11-pages.pdf","0","D07B6AFC97C1E8699F0640A951A5DC3C2426D7BEA7CDDF39B4EBB0F1BAB1A2A0","4128"
"qpdf\qtest\qpdf\20-pages.pdf","2","4EA66D0E98525A5DF9A766313E058BC3BFA2D28FE30A740D4CD8FE76D3DCA391","7343"
"qpdf\qtest\qpdf\add-attachments-1.pdf","3","19BB84A8C58299AF6001FD9D555AC607998445980A9A7BA6E05C1EE24D695A37","2825"
"qpdf\qtest\qpdf\add-attachments-2.pdf","3","BED7ACC8AD72CAC1C2D6B9C24024BD2675D51499F504621A766B6B4895B621B5","2799"
"qpdf\qtest\qpdf\add-contents.pdf","3","5F4017F1A9210A83D8FAA70F286BF4C44E952A56ACD898A9D0D3F425FEC32556","1057"
"qpdf\qtest\qpdf\annotation-no-resources-out.pdf","3","81EE4479F8E730CC8E06AF622B6C7E20EFDD8FB4B0E04DF6DFD4ACA198A7D5AB","4405"
"qpdf\qtest\qpdf\annotation-no-resources.pdf","3","BD1965FF550D4584BC75C802D660BB78D19F0A96CC5E0FD2417480C38EA10F5C","4950"
"qpdf\qtest\qpdf\annotations-foreign-file.out.pdf","3","E3F410554C85913B55454BECA1908B7C45BE0E4CEBA754CFF76AF3D43354491B","21505"
"qpdf\qtest\qpdf\annotations-no-acroform-with-p.out.pdf","3","38E4A0CADCF3A36125D4F33EA99D889CDAD4BDF217AF93212A0A7E06CFF95616","18313"
"qpdf\qtest\qpdf\annotations-no-acroform-with-p.pdf","3","E37648C7A936FAB09A21228FFCAAB658462FBD5A7747E854C3FD8DF1736EF693","10507"
"qpdf\qtest\qpdf\annotations-no-acroform.pdf","3","DF6BEE67CE594DDE42E010C8FCD78C4DC414CC044A9C32C972D6CA6BB4938A56","10494"
"qpdf\qtest\qpdf\annotations-rotated-180.pdf","3","B38093F1A88DA079B381069893239AB83C4FCF6195AD29618107E4F1442CFA85","11589"
"qpdf\qtest\qpdf\annotations-rotated-270.pdf","3","B262A31C497FD21D04D3501D808CF68AB6FC2BBDDC9D7C3A64D62B58A0208160","11542"
"qpdf\qtest\qpdf\annotations-rotated-90.pdf","3","FA7A3E1B348FFC2430402F5A4E8F1E7CC4300BEFFF1A0D8DA9EA01BC0D654E4C","11546"
"qpdf\qtest\qpdf\annotations-same-file.out.pdf","3","0B87B3A05700E7479E35A7EE59A0064154107EE8236F8DE3927D1473571E4537","18289"
"qpdf\qtest\qpdf\appearances-1-rotated.pdf","0","AB4DED6DCDA969FDA0822492BAE177FC138E5C2E50F5E4794022FF0111A3B8C7","48127"
"qpdf\qtest\qpdf\appearances-1.pdf","0","3E913342B2956B0AF6FD45ED3E3C13E9950A2DF66FBC661129A8E98AE233462D","69324"
"qpdf\qtest\qpdf\appearances-11.pdf","0","873384E6C87C526CBE8E34C4A69E41EF80534362C2D303B5B7DDC53069B2F81F","69335"
"qpdf\qtest\qpdf\appearances-12.pdf","0","2034D5BF4174020DBD39174B68E41DBBD69BAE440E1BAA7FBAA8E6612F71A47D","69334"
"qpdf\qtest\qpdf\appearances-2.pdf","0","3F62E87B187207403EE8EB8AF46FE328536CB6815BD598CA191C0094E352579D","69324"
"qpdf\qtest\qpdf\appearances-a-more.pdf","0","942092FC062061D4BB0B216C46CDC5F90492C231D77F98021509319D3D35FFF6","62660"
"qpdf\qtest\qpdf\appearances-a-more2.pdf","0","C185E401FEE8A4963C098FBB0DAAF836BEFA2DCAA9DF453403D7292D3517CF76","62658"
"qpdf\qtest\qpdf\appearances-a-more3.pdf","0","085551260AB48FA3F7C324C6DCF6759C5AA92278AEB1754F5A341746C7804C12","63009"
"qpdf\qtest\qpdf\appearances-a.pdf","0","3BE84BFE736C587BD8813A4133264A04B87472B7B84E41CF754595030B8FBFC8","63066"
"qpdf\qtest\qpdf\appearances-b.pdf","0","7EB163881A7A5A4E73002D7BAC12FB71463420C8223E4BDA5B2CC2E6280E4F3E","69352"
"qpdf\qtest\qpdf\appearances-quack.pdf","0","9AAF3E13D6172173DC2A2F4602CA9EFECE0EC16371B1C48E21965F988FA65F4F","69330"
"qpdf\qtest\qpdf\append-page-content-damaged.pdf","3","F57BC89C8F1A4F3A665DA704E9A271A32BF5ACADD4222B9BB1E80D167039A12A","18961"
"qpdf\qtest\qpdf\append-page-content.pdf","3","4E28948B2EC00C9A608CBB0AA79EA570D66426A201F0A2B6DB9CE82665D427EF","18962"
"qpdf\qtest\qpdf\append-xref-loop-fixed.pdf","0","A01A08C89F0BBB10DC8F8A0CAA07018D62B7EFE2CEC9793CF3F051ECDBF306B6","10282"
"qpdf\qtest\qpdf\append-xref-loop.pdf","3","DE047F7F30DF0A1B8ADE3F84E1566C2A248D9932F68E9658E64143A036ACCE4D","18962"
"qpdf\qtest\qpdf\attachment-fields.pdf","3","AAE0B0400264BC85E22B4D3710BD0C831DFEDE909C21AF7D3254436C010B4492","2432"
"qpdf\qtest\qpdf\bad-content.pdf","3","E1A6EBAADD386A0B1E638E3B50C8557DA74EBEB1EBB31292FB6B221892A979E0","135172"
"qpdf\qtest\qpdf\bad-data-out.pdf","2","AD361343262A06BFC3CB55E0D89BC27354A4784832967036C4F155373B362EDC","797"
"qpdf\qtest\qpdf\bad-data.pdf","2","919998D65CECD40F1C33CF56853A517ACC0E18F438FCC098F4C17A086C875057","799"
"qpdf\qtest\qpdf\bad-direct-root.pdf","3","0D7549C02C38717627DEB10D1155C1B513D35036208E77D687597C77D04DC3B4","284"
"qpdf\qtest\qpdf\bad-encryption-length.pdf","3","CDF252A288F2B54189A0BE156180972C563A48AA747E1EAA6ABAC150C5E40576","1041"
"qpdf\qtest\qpdf\bad-jpeg-out.pdf","3","19147522F96C1F3D641CA2BA63491154A5382389BADDFA766BE02409A39CB940","4681"
"qpdf\qtest\qpdf\bad-jpeg.pdf","3","F00365BFCC1248322705DCD024E09C71D8EEABA4F0BC718BB810C692A29FBF9D","4681"
"qpdf\qtest\qpdf\bad-token-startxref.pdf","3","677748FB35C75DF6751B9C8370F155351E7134AF2896C80708E3E132E709154C","854"
"qpdf\qtest\qpdf\bad-xref-entry.pdf","3","13BBFB09A2B6D291A34B9A6E56FCBF3E3F46C9F2B5685263EA136ED434AA2461","1214"
"qpdf\qtest\qpdf\bad-xref.pdf","3","38FF68AF0451811244F4A012689CF84170EF4223EC9259E6172611D05D628DDE","923"
"qpdf\qtest\qpdf\bad1.pdf","2","4B2EED2CFD84A1548133A203C0E7896F14FEFDD7D1FC17493B5BFB23159CF611","6"
"qpdf\qtest\qpdf\bad10.pdf","3","FAAC75B240F5B89DE112C98EFF19E4F9DC24015D6F44D93907A6D4FFB4DBE542","844"
"qpdf\qtest\qpdf\bad11.pdf","3","CFCFEEB5BE8B88703757A7ABC0DEB3EE7769A84367C50ACCB1A3363E749540C7","1074"
"qpdf\qtest\qpdf\bad12.pdf","3","8D2DD0D0FF4B633BB6E93BEE961444BA6882DB5CB0C09ACD0EBA24EC1297B53A","1312"
"qpdf\qtest\qpdf\bad13.pdf","3","3202655437345176BD2B547869924ED678B30BE3E25F337E3BC5892FEE4CED90","858"
"qpdf\qtest\qpdf\bad14.pdf","3","2FBFBA943773EEA0EF0CE8BF64DDF0C88C6F5AC9267D9C36D5C1527081185843","858"
"qpdf\qtest\qpdf\bad15.pdf","3","39314983D2A9E736344498BEC18284056A16E101D33091F3D38D73DEF827B298","858"
"qpdf\qtest\qpdf\bad16.pdf","3","10ED2D38C3AEF0F5907D9EB942B0AA10F13EAD84C1D3CEB86BBD7ED271DA5B1C","859"
"qpdf\qtest\qpdf\bad17.pdf","3","D3137E06C65784DD59722160318AFC6F03DF25E155766DA44E7DFEA30BD99176","872"
"qpdf\qtest\qpdf\bad18.pdf","3","8A5511A3C46F0E3B94846F76AC056FDAE46C6E3A28092AB25ADB0BF968CA920F","858"
"qpdf\qtest\qpdf\bad19.pdf","3","036CD3C06735178FFECBF6CD09277258F8AD08DA8AFB14F8E62BC00E3B5262F4","858"
"qpdf\qtest\qpdf\bad2.pdf","3","560B37B36E946EF08B61E3670748802F4DAB8885A62142D625C24240A61D63C9","823"
"qpdf\qtest\qpdf\bad20.pdf","3","3241414B9B939AD4BF29C7F310629F26EE8A793BF62D621D8C02894BF1EDBECB","863"
"qpdf\qtest\qpdf\bad21.pdf","3","590CEC977BF3556BD6914463D42066B76265588BD0322935B184C6B867C6C1FA","859"
"qpdf\qtest\qpdf\bad22.pdf","3","4B1BAE00D555E6DE9FA13CB510F2AA911928135588101C3DA470A20271A316A9","858"
"qpdf\qtest\qpdf\bad23.pdf","3","7732944AD9AA4BFEA694B54DCC45B4305F0152E2B1B33AFA996D7B41AB6498FA","858"
"qpdf\qtest\qpdf\bad24.pdf","3","1EE22F83CC1C8FF52932612C224DA9B624B2A0BFA7289E95640CEB6948BE2435","858"
"qpdf\qtest\qpdf\bad25.pdf","3","0A1D5486EDB9C4A4669921D1361E757607F3CC037A91B09BFFFB91A2D4EE93DE","858"
"qpdf\qtest\qpdf\bad26.pdf","3","E3B4C072A0745A0344994A8F7B098E7D7F7878810608417FEBFE05EE5C0A23D3","858"
"qpdf\qtest\qpdf\bad27.pdf","3","568019BA470EEAD4398B5A8A0B5AAE7DB61B14EE45A1CF7B3E8EE974BE09DC64","858"
"qpdf\qtest\qpdf\bad28.pdf","3","520A4B750B993B60284B662721C7270F7B2BF02FB01D4E0D5EE25E0120DF7BDA","858"
"qpdf\qtest\qpdf\bad29.pdf","3","78CB0B086589DE32181C9BDD92B60CD614CE8D1F8794BC5B5B4387D40400A744","861"
"qpdf\qtest\qpdf\bad3.pdf","3","8D8567A3445617D76B04B7185E6C7DA7E8BDAA4EE0B1B9F7F1B31D469AE7A863","751"
"qpdf\qtest\qpdf\bad30.pdf","3","D6CC82422C29685928BCEFBDBF7ECCB102F566AEC0D68B402EA8B138CBBD2ED3","1013"
"qpdf\qtest\qpdf\bad31.pdf","0","41467040C9711AA68E7A81D7C2AF27D28CA9BC2C3DF5DEC87AF44D0693D3F0B7","1025"
"qpdf\qtest\qpdf\bad32.pdf","3","A155D69494D68BF853532F64B32344CBE91ED0CFD0D3FC0DBD599CDA3F381668","858"
"qpdf\qtest\qpdf\bad33.pdf","3","6BBF8B30856F5FCDB5DD3720F6993B2B7E52100B8F0F8567479B28DF7A801A2F","1014"
"qpdf\qtest\qpdf\bad34.pdf","3","6C3E08EC303A09F68ACFB6C9E8CBD6A6A2BE1856E7DC9BA7C8D1EEE7F5A7E256","874"
"qpdf\qtest\qpdf\bad35.pdf","3","D149D9B30E913B9C44C76110DAF4C73A2FAE212C61A42E8A1E0A95CE58CD71F6","807"
"qpdf\qtest\qpdf\bad36.pdf","3","30FEDE63F66A02C76618C8323E23E6188B3E796AC038499292FEE96D3A3DA77F","881"
"qpdf\qtest\qpdf\bad37.pdf","3","09F1F450AE0E727165E79DD5118A64E566306EA156EF0457D02533CD60A42E9F","861"
"qpdf\qtest\qpdf\bad38.pdf","3","0C01769EF531E40DA673796EBED545CFEF5C6BD96E89CAE98C6EA5E2ED752859","867"
"qpdf\qtest\qpdf\bad39.pdf","3","97F4AA6BAADD579F34E9FFBBC6E096479DE8BF7E97CC028AACE895A50B7A1911","859"
"qpdf\qtest\qpdf\bad4.pdf","3","602E9BCDCC3ABE2EFEC1BEE748CD3A4D95B9CD331A76EDA0CCD58AAA5097C903","827"
"qpdf\qtest\qpdf\bad40.pdf","3","6FD5C3E66FC2FABC8E9C108D7D89DC5DA9540B51FF517CD9C8C7F1007A3F09AE","788"
"qpdf\qtest\qpdf\bad5.pdf","3","11A2E92585AF716F7AFD5D1E7FF09B8791EFEF282EF5C583B2D23AC053EFBE16","826"
"qpdf\qtest\qpdf\bad6.pdf","3","F75793B29AFE4B39C9C545285E8EE62BBD122FAF10624C87B5D0694DB71B051F","1312"
"qpdf\qtest\qpdf\bad7.pdf","3","AD7BB4110131E0FA69FF71107C8AA9FD444B35EB7A1695B1A99506D72F34EEC2","828"
"qpdf\qtest\qpdf\bad8.pdf","3","BD9B88C375614612402DC759E0A9AB9090F5D3F9275261888E38C3412D90DFA0","1072"
"qpdf\qtest\qpdf\bad9.pdf","3","A1964F277E48084A36938E40B66E00A88086BCBE52979F08BA9F838C8F35AF50","842"
"qpdf\qtest\qpdf\badlin1.pdf","3","236E5197C21F3DD1B032951D205156988B788E4CE1E36D16CD17A1C5781A0799","13103"
"qpdf\qtest\qpdf\big-ostream.pdf","0","9D7A10B81B11891004E1114F0BBA0E8A94AB8DC57B0DA2089233D7EBA780ADC2","49639"
"qpdf\qtest\qpdf\boxes-flattened.pdf","3","E1DE0D2155B08CE74D9F969EBC7798AB5BD76FC27697D46EFF4446BA5183762F","9798"
"qpdf\qtest\qpdf\boxes.pdf","3","479FDFED7F04C185D30161EA642572B3B231EA35473A9DC99EB498D11C0E0604","7640"
"qpdf\qtest\qpdf\boxes2.pdf","3","8C4C026791032D4307621929F2E0C26D67D3AF5B36343085360EDEA29A47C141","5694"
"qpdf\qtest\qpdf\broken-decode-parms-no-filter.pdf","3","DEE49CC98DE2ECBACB1E0D15D7C5AB371A6D36FB6D61DC854F85C98EDE95A2D9","1240"
"qpdf\qtest\qpdf\broken-lzw.pdf","2","69990EAD5078C27BDC987BF128FF688B4F4A062845DC7393285F4C557139DBBA","1227"
"qpdf\qtest\qpdf\button-set-broken-out.pdf","0","CA11263C97ACA17D4DFB63964A45C91C9F746E4298358AB43E2D0349F7E56EEB","71730"
"qpdf\qtest\qpdf\button-set-broken.pdf","0","488DCCF17EB7E99243F7D1C1C5469FEE56BCBED206D35AB0A423B3F1687C44FE","66904"
"qpdf\qtest\qpdf\button-set-out.pdf","0","7F5200AD0063C9FCCAEC16208D647B98E36A00BD031457C8B99DCEB7B1817351","71732"
"qpdf\qtest\qpdf\button-set.pdf","0","693B57F6D13ED03EA23906C4B4DDB494CA22739998258FC49F93D7D7113A8EC5","66904"
"qpdf\qtest\qpdf\c-decrypt-R5-with-user.pdf","0","B338CD6995A9994B1CA07F7BCC4A5E3C4538A6D174DAABBD3DB30C01EB2C11E6","9731"
"qpdf\qtest\qpdf\c-decrypt-R6-with-owner.pdf","0","DB81C94F5A8F6C147AE6BFEF134A5C483A2EF7CFC33DEA8559DBE8ED5825A8DF","9731"
"qpdf\qtest\qpdf\c-decrypt-with-owner.pdf","0","1D0491096F792E30F4591756109674EFC00910FC11B0F50574C39C524BBF5BFE","9668"
"qpdf\qtest\qpdf\c-empty.pdf","2","54F5FCD180A8DE65061A7AB93126DEB33E6C6F6F3DD300499D202DB5520D0B47","332"
"qpdf\qtest\qpdf\c-foreign.pdf","3","756D9F569CE5C00C464F1CD142E926BB74C8C6F98ACC71A175C0FA89852EC4DB","6664"
"qpdf\qtest\qpdf\c-ignore-xref-streams.pdf","0","CD5097B5A100247B008D751E90FA3A5C33766D25C1740FD35C40791E7E6F5315","9976"
"qpdf\qtest\qpdf\c-indirect-objects-out.pdf","3","5CA5A9CB4C0965C45E87907C85001E29CA2845F23B2FC6B637F22C31FBFB0458","1074"
"qpdf\qtest\qpdf\c-info-out.pdf","3","A3CA20ED30AB6436C883346EE440B97CC02279EB0ACF54C0571A678863227624","922"
"qpdf\qtest\qpdf\c-info2-in.pdf","0","91BE43281F3F5B2303C4A2C00586A373DC3C2977B9C744D421FFD253686C0C7F","926"
"qpdf\qtest\qpdf\c-linearized.pdf","0","135CEE6BD018C06D40C8C46C4A0230B2799ADB90F502E214A347B3855039A24E","11325"
"qpdf\qtest\qpdf\c-new-stream.pdf","0","A45CFA90F90F5BE10297043123046E5F79E1A6162E9CB80F410E36DF51B42FD6","1116"
"qpdf\qtest\qpdf\c-no-options.pdf","0","BBC2321A7C43C7CCD8ACC9F5B408D28B7CFDFE630F891E0C1539783E19A404A0","9668"
"qpdf\qtest\qpdf\c-no-original-object-ids.pdf","0","2646682D0D0DBE706CD46C591687B4DEEFCFE9EF6EC0AAB092FE9C74AA200E63","15280"
"qpdf\qtest\qpdf\c-normalized-content.pdf","0","67F8F9ED4DF384189F4607636F2D2DBAEA59A45BD24CEB91D50EC39E3197852D","8917"
"qpdf\qtest\qpdf\c-object-handle-creation-out.pdf","3","20F11FAEF5E29A5E67CC633378634D81230C045A0FBF0031AA6211A1E6B9127B","1298"
"qpdf\qtest\qpdf\c-object-handles-out.pdf","3","669F6A92DB9CEB42D2892E3F98883A96C215E3679401C36FEB5394B38AA5E310","1011"
"qpdf\qtest\qpdf\c-object-streams.pdf","0","0588A730F7B499B2245E826FCBA3DF9131F698062E774AE2A4FCE2DB1D67CF0A","5195"
"qpdf\qtest\qpdf\c-pages.pdf","3","BA7DB785ED0FAC31241447A3F79455DC5A83370B1DFF13FE7267EF7349D06F71","6976"
"qpdf\qtest\qpdf\c-qdf.pdf","0","378A7A39719B559AA378F7876BAE8CB70F0C97529A53139A145FEBD261A374BE","17383"
"qpdf\qtest\qpdf\c-r2.pdf","2","1E6D29187458DEB467928B8188115E69EAEE4CB19F85078437D197C3AB8DA5FD","9893"
"qpdf\qtest\qpdf\c-r3.pdf","2","AB1A8D49B40F825A60AB272437AB9CAD5A7D6BA7E882D9B82F3961E61D5348F3","9897"
"qpdf\qtest\qpdf\c-r4.pdf","2","E2FED5C4FD32106EB46B70AEC896471D4ACDA0799C7D9A5D5E590E2411021CF6","10892"
"qpdf\qtest\qpdf\c-r5-in.pdf","2","19B6A33008141E1E898E1FAC6E86524DE0E8CD0C4643FDB01A1EB781E5CD8187","11206"
"qpdf\qtest\qpdf\c-r6-in.pdf","2","B616425B595E376DBBFC19DBB89A66678AFD4EB74F85575F667778AFA1ADD892","11206"
"qpdf\qtest\qpdf\c-uncompressed-streams.pdf","0","9E68EC529FCCE94D6E2A81B462BD366795C56D4510125D0EB0F6C04A1F2132F6","10527"
"qpdf\qtest\qpdf\catalgg.pdf","3","FBCDEB5BB6DBF8D9A9876891DF77C90DF94A65D08B110DC8C3314146A2C8A143","842"
"qpdf\qtest\qpdf\coalesce-out.pdf","0","AC512A571D630B760B72B25DC3E6A64C888414AA3D5648B62C667734C7BDB753","2951"
"qpdf\qtest\qpdf\coalesce.pdf","0","5FC12A29D9A755527333946900027008C954B8877DA7C19CC32C0CE625F95386","3769"
"qpdf\qtest\qpdf\collate-even.pdf","0","125A206C03DBE16442715A6D2F4DCF5C81E20DFCE37A188A3891E316130ABBC5","7763"
"qpdf\qtest\qpdf\collate-odd.pdf","0","4D3F6176531E9DFAC6C4F02AA65E2FFB19E5CB28A46EC814FA9C8A46F1023139","7764"
"qpdf\qtest\qpdf\comment-annotation-direct-out.pdf","3","AE3E82F15BCB2023987343D4F9CF74FD38C1442B47EB7FA7F592BAE96982F64C","3408"
"qpdf\qtest\qpdf\comment-annotation-direct.pdf","3","F201F0437C1E71432C75BD9782D56739E0A23D522E708A6652E26A5B6977033E","2985"
"qpdf\qtest\qpdf\comment-annotation-out.pdf","3","9FF9B0CAEE65ACDC11B61392347E24E97B5C9CF424BA4DC394A0A80A4E46496D","3454"
"qpdf\qtest\qpdf\comment-annotation.pdf","3","23BD3B769F7E352304C2C47959A256726D3F028D124118BC17D8586BB5671838","3029"
"qpdf\qtest\qpdf\compress-objstm-xref-qdf.pdf","0","1F8814F312AABFD08CAAD2A1B5E3CA24BC3E0E883257E63432B9D9C2EB1CE38F","1249"
"qpdf\qtest\qpdf\compress-objstm-xref.pdf","0","7AA4AEA24328616CE247CC4132EFA3B8F53D2844179D17B51383F8771D2DE358","743"
"qpdf\qtest\qpdf\compressed-metadata-out-normal.pdf","0","52032FFD84844E043B6FBD337049953624778C6E492CE94CBC7825BB5A63C78B","14895"
"qpdf\qtest\qpdf\compressed-metadata.pdf","0","C34D1FAEB50CA57D87CE390F24A6043F3F36AD410A7489DE07CDD36F0A706182","14459"
"qpdf\qtest\qpdf\content-stream-errors.pdf","3","19BD84BE7FB78A9B30836C3EB3714AA695B84F050CB2A7E6B766D2A46DFD57F5","2889"
"qpdf\qtest\qpdf\copied-positive-P.pdf","0","60A42EBFDB6FBEF88CE660642585C65E4FBBE2C8C1063CBAD62F322FF78B9AFE","1480"
"qpdf\qtest\qpdf\copy-attachments-2.pdf","3","D48FF698D5A443CCF7F8D1D50722836A029ABDB74E2320A964A776CED8481361","4472"
"qpdf\qtest\qpdf\copy-foreign-objects-in.pdf","3","235C60A0E30DDD4264DA7376B771B3204FA15341072AF11D3AA72789CA48741B","4762"
"qpdf\qtest\qpdf\copy-foreign-objects-out1.pdf","3","43F62661A5BF6354705E3B6B30E9FD3CF28346656678EF810FC0F69EF341E899","1553"
"qpdf\qtest\qpdf\copy-foreign-objects-out2.pdf","3","B48C81B3B7CB9D0E0A95BD06A47FC69FF8A8205F513A7096F99171275983E712","2026"
"qpdf\qtest\qpdf\copy-foreign-objects-out3.pdf","3","E25D5729B79FD22725DF5A53E585B448B398BA4BDA4520561C6C668608907181","2706"
"qpdf\qtest\qpdf\custom-pipeline.pdf","0","9A8FCA44BE30892D864BD1A88002B760DE878930821DBA1925929F58B446259D","799"
"qpdf\qtest\qpdf\damaged-inline-image-out.pdf","3","F3C4F8F03E530E200EB9AE00F0793B8FE670D1494E8A5E675234416DEEC127F7","5558"
"qpdf\qtest\qpdf\damaged-inline-image.pdf","0","18DAE3C4253D30E262DA786E7D238305DC2046F1C94D2B566D5589336106084C","5558"
"qpdf\qtest\qpdf\damaged-stream.pdf","3","91E119F2DB2E9F738F696DDACEA90498D460B0AFDA0FCDF71BB6281FC5085819","77635"
"qpdf\qtest\qpdf\dangling-bad-xref-dangling-out.pdf","0","00B4D15CE9F468ED1E8D45907DA517087706DC7D0CE9837AF87CA4B68FD55479","977"
"qpdf\qtest\qpdf\dangling-bad-xref.pdf","3","FCC79A8391DFD925A97CD487B9BDC455E6AE722993E089BC5424CCE2E800E397","1207"
"qpdf\qtest\qpdf\dangling-refs-dangling-out.pdf","0","2684AB211CCEF83A56E5281F1B6059A38C9C936B2BDF0F4B472B57DBE9750FCE","931"
"qpdf\qtest\qpdf\dangling-refs.pdf","3","EE337B36F95A9090207395D788DD74B32C799D8BAD126972274647F068EBCC11","1171"
"qpdf\qtest\qpdf\decrypted-crypt-filter.pdf","0","2526DD1E46392E1F0A03A278650EEB3D4172220180D63FDF93F1E44FAF8420EB","14383"
"qpdf\qtest\qpdf\decrypted-positive-P.pdf","0","6B2F054D08198137D7448D9DA8EFD207A7017FDF09DD4CFCD1A6E31D223A48EF","865"
"qpdf\qtest\qpdf\deep-duplicate-pages.pdf","0","12CEA246A886B193D7620C7AD4E63E8868C53D1D14A84FA24FEB96CF2A3A651F","1287"
"qpdf\qtest\qpdf\deep-pages.pdf","2","EFA197CCA93E5FC6E0D82ABD175C7CBA046E9FAA7CD0785B200BC4754494A08A","10849"
"qpdf\qtest\qpdf\default-da-q-out.pdf","3","43838CE772CBD9DD3825696FD81104960C3BFF75791AC65F5F6C229799881796","21784"
"qpdf\qtest\qpdf\default-da-q.pdf","3","481BA3F15A4E9305D3BCC2726834B4BD56E45A78FD87EA0EE51AA2D58FF93A12","10608"
"qpdf\qtest\qpdf\deterministic-id-in.pdf","0","336EAA8E96C36348358C17FAF294469035767F3C8294F3020AC090ED9A1EEC97","177835"
"qpdf\qtest\qpdf\digitally-signed.pdf","3","05E969415B03D9782B0B132F147B86CB42EAFDDF6176AAF2710334A9CC643C3C","68846"
"qpdf\qtest\qpdf\direct-dr-out.pdf","3","A6E52E939E0CF44BDF7EA12A4087DD009481B2A3073500A0F78CFE0BDE5B5C8E","10637"
"qpdf\qtest\qpdf\direct-dr.pdf","3","1EF29CADF4DE65151B63A3DFFFBA23484F48DCC54C8C66BA0966A67214C048BE","10946"
"qpdf\qtest\qpdf\direct-outlines.pdf","3","05FA8A5E73CB30CC2B69CE6B3F5DEAD2386977D0889F6C2C2C75C4FBF38C9AC3","17497"
"qpdf\qtest\qpdf\direct-pages-fixed.pdf","0","AE3284B38BCBAAD012024364F3E49FF7CEA77029896A707AC820E8B5AB8EEB3F","968"
"qpdf\qtest\qpdf\direct-pages.pdf","3","44F808A042A08E374BE3BFC29EAA6E784328F9EDB995746CDDABDB2C10BED969","1454"
"qpdf\qtest\qpdf\dr-with-indirect-item-out.pdf","3","633635F1F515658DD4F1B3348B8F0C0DB9CC9395197DF63D812CC2D30CE539D8","846"
"qpdf\qtest\qpdf\dr-with-indirect-item.pdf","3","7013C3DBF47B4C1F11863CA839DA446CAE60657A7C0322BE24ECD9C6A2164E46","828"
"qpdf\qtest\qpdf\duplicate-page-inherited-1-fixed.pdf","3","92C2168FBBD78032017573E544D624AEF69018545BF744B6B66DD21A99D9C37B","1672"
"qpdf\qtest\qpdf\duplicate-page-inherited-2-fixed.pdf","3","B2553A53202C11FB0A066E7DF3E0717E471669A0BDD6BA7BB267C0EA8A5DC83A","1804"
"qpdf\qtest\qpdf\duplicate-page-inherited.pdf","2","1CF12C05B6A236E1642F22B1AAF1F68B87D997701FAA8943D76FA1D851F6300B","877"
"qpdf\qtest\qpdf\duplicate-pages.pdf","3","08B62C014DFC76489B3F2F542EB15E375D5976A96E2F2BB27BDE2A0415EDA9EC","4113"
"qpdf\qtest\qpdf\empty-decode-parms-out.pdf","0","E44C45FF762A9525C1E68D19A00DD11FC00109DDBA3D4302D6277946474E4FA6","2770"
"qpdf\qtest\qpdf\empty-decode-parms.pdf","0","D391A03EEAF34FA0C65E5FFC15A51FEC112F83137350DFFE7C0C7304EA5CD436","2787"
"qpdf\qtest\qpdf\empty-object.pdf","3","D0713BD7E1CED42F0B13DE1D2FEFC7934EA2B7F8326F17447C023904D37ABB0B","894"
"qpdf\qtest\qpdf\empty-stream-compressed.pdf","3","45CA6D7FA99045B356BB659C24AC91B08FD311F8D10D06CB9BFB57E784317C6A","1017"
"qpdf\qtest\qpdf\empty-stream-uncompressed.pdf","3","5A5AC40D814BBED0E903C0757D37736EDD957F9D346AC1F8B6F403A49699D387","996"
"qpdf\qtest\qpdf\empty.pdf","2","784E1CBB73CF420AFBED0AACB4917E698CD47D2B089B6FFFEE065FC2A5A7212F","332"
"qpdf\qtest\qpdf\enc-base.pdf","3","71755CF8E3442FA8785420FF748480C6AFB74E1810B9AD79636380364C0E1063","16937"
"qpdf\qtest\qpdf\enc-long-password.pdf","2","2D9B4E2D030F48B463CC7C1ACB399DB0D6A5869250B0933DDF675BB2CEA84C48","17144"
"qpdf\qtest\qpdf\enc-R2,V1,O=master.pdf","3","4560D44658ACA5B2B610F2C6631EB9DB590FA43324C02890003DEE6A8DEC3B29","17146"
"qpdf\qtest\qpdf\enc-R2,V1,U=view,O=master.pdf","2","CBD0396C5AF37A326CC829B3A031223ACCF5EA093119EAAA78BF4A386108ED14","17134"
"qpdf\qtest\qpdf\enc-R2,V1,U=view,O=view.pdf","2","20DE346659F289187E413FABDC3056FD7FB1E2D0862B8DBB19BA4DC10C411F8E","17137"
"qpdf\qtest\qpdf\enc-R2,V1.pdf","3","D657555453A8933CBFC3FC00D15853EC4D6B03F83EB1941D78A50C424BC9F55E","17143"
"qpdf\qtest\qpdf\enc-R3,V2,O=master.pdf","3","D0E64612CF946DD19E7421FA3EE17B466B54C8F164B1F95986F14D8EE8E02BA9","17144"
"qpdf\qtest\qpdf\enc-R3,V2,U=view,O=master.pdf","2","5C0683D687E2E020FE172B1DCB7C29FE94F67BC40F038FEE2391DE610053FC16","17139"
"qpdf\qtest\qpdf\enc-R3,V2,U=view,O=view.pdf","2","B2C0328654260A8B892C1F7C7C69C2AF3E41850AF880AA189CDC60625E5E5091","17142"
"qpdf\qtest\qpdf\enc-R3,V2.pdf","3","9D9932F50508E9769CE5769451BE9EFB1DC56544D0F95DD4ED53C0FC1960CCAB","17140"
"qpdf\qtest\qpdf\enc-XI-attachments-base.pdf","3","ED3695B5527855451F60F40CAF6365A88F18860AE0CDDC57A7DE5B2E78C6D420","20751"
"qpdf\qtest\qpdf\enc-XI-base.pdf","3","DC7BAD1CE643583997845061B81F9609176875DD9872CBBE5FFEA9399F60A420","14041"
"qpdf\qtest\qpdf\enc-XI-long-password.pdf","2","EC991B965A89D0BAC064641A0F5C3FE354ADA22A4DC3DA853D7A9FFAF13B6DDC","10915"
"qpdf\qtest\qpdf\enc-XI-R6,V5,O=master.pdf","0","63C99503FC9C6B44C47DF124CE040D005E26D2C5D8D0999AD59C48B31A426863","10933"
"qpdf\qtest\qpdf\enc-XI-R6,V5,U=attachment,encrypted-attachments.pdf","2","814DF59A61F34DA60DF347AB1A268B6375D2B0DE9058D33200D00B4B34E59A66","17868"
"qpdf\qtest\qpdf\enc-XI-R6,V5,U=view,attachments,cleartext-metadata.pdf","2","D0D7D6D37A4C1E551DABB45532B3B077D973CF8F84AC04D865FD9A5E5FCA1D68","22400"
"qpdf\qtest\qpdf\enc-XI-R6,V5,U=view,O=master.pdf","2","96B9262BFACF1358C7A68AB46C11563677E858888950237FDAC8F3A227210EDF","15670"
"qpdf\qtest\qpdf\enc-XI-R6,V5,U=wwwww,O=wwwww.pdf","2","94CE7ECADE61858C0C0CF8B20B92FDF639550A50AA5A1B6BDE767D713544E376","13642"
"qpdf\qtest\qpdf\encrypted-40-bit-R3.pdf","2","5CE569186E55836C1A4C883F6588484CCC73B3CB175C1217EB5691B8C5AA1522","1080"
"qpdf\qtest\qpdf\encrypted-positive-P.pdf","0","E717AB57A216202DC669F9CBDC335FB863B105C400A4B946594A456F4AAF3380","1488"
"qpdf\qtest\qpdf\encrypted-with-images.pdf","0","9F6C9AD93A462AD8A9C3C28DEBD5CF6AB80C60E7A8FE3B12E802B8E53AA0B1D4","50219"
"qpdf\qtest\qpdf\endobj-at-eol-fixed.pdf","0","7C34BAAEC7CCF3076F1669926D56F46C15C3BEA018D1F4E03672CB406B9CDE7F","799"
"qpdf\qtest\qpdf\endobj-at-eol.pdf","3","52F4946A573552CAACD6FB427B4EFF84A50255446898AE33453783018D2E6654","798"
"qpdf\qtest\qpdf\eof-in-inline-image.pdf","3","EB2E11FD06A6E0C2285F72591E86AD0F3141D0F8691711C16CAC2EE928EB533F","870"
"qpdf\qtest\qpdf\eof-reading-token.pdf","3","28B2ED525F04505ADEA602D81E1302B6AEAD1527ACF97A1A7D26236360C0D88A","1632"
"qpdf\qtest\qpdf\eof-terminates-literal.pdf","0","4CAC96C3FD575E87158A6C5FE99A94243E60A55D767C7F3BDEFA5660843FF0E7","1632"
"qpdf\qtest\qpdf\erase-nntree-out.pdf","3","637D9B0EFEB520C4161A40F5968931E2A876150AE9F479BFA8634BFF05311503","2612"
"qpdf\qtest\qpdf\erase-nntree.pdf","3","9D853E6E3A5AD295C086B39D166E3C905BC939AA9207CF11463E9AAC25102CE4","2684"
"qpdf\qtest\qpdf\extensions-adbe-force-1.8.5.pdf","0","86D96FF1005727C2EC4CBC431B440592986F687EE6B98D7B4592029B054AAFCD","865"
"qpdf\qtest\qpdf\extensions-adbe-other-force-1.8.5.pdf","0","74A54740145096B9A4C1303DBCBFF51FCD3B5666DB3244860AFE39F2359CAC38","923"
"qpdf\qtest\qpdf\extensions-adbe-other.pdf","3","605578B9C708C887714FE8B1E269E539050D4A32FD7BEB9416F812B3160C1FCD","1233"
"qpdf\qtest\qpdf\extensions-adbe.pdf","3","E855B0CFF6FD016549BF4C43FD2A621600B0444880F6E06E29653FFA72D6C030","1245"
"qpdf\qtest\qpdf\extensions-none-force-1.8.5.pdf","0","E1530273905B45E604E193127B5E8CE7FB82D0B5430264B8691640E9690BD3D2","865"
"qpdf\qtest\qpdf\extensions-other-force-1.8.5.pdf","0","6A0C0B8A15638B5A8E32F3AC20CCD5B34E876C9676268E8616CB5D2F37FE84BD","923"
"qpdf\qtest\qpdf\extensions-other.pdf","3","168DE00E600D1C2041CE583362DEA47753C96678C3EB027DD7E9012328AC09B6","1133"
"qpdf\qtest\qpdf\extra-header-lin-newline.pdf","0","64CBCABF5C3D59EEAB3266F1E3CA1512DE0724C3E006C066042525CD648BF3A8","1312"
"qpdf\qtest\qpdf\extra-header-lin-no-newline.pdf","0","75286E2A6418F58F615B7207420964649650C6446B34282B06F873717BEACD21","1312"
"qpdf\qtest\qpdf\extra-header-newline.pdf","0","3E27769867F8007243DCA109471F52F9C25E6AD6CB7D2C42CF764BADDFE7E253","823"
"qpdf\qtest\qpdf\extra-header-no-newline.pdf","0","08B2977DF8C1D0CF82D39A6148F6A6FD73F485E39FE6D94BA93D4CD01F22D883","823"
"qpdf\qtest\qpdf\extract-duplicate-page.pdf","0","7407B6E706DD85F03E96D535F2C60404DF34FCCE598E2294D4FE073AB75F35A5","1370"
"qpdf\qtest\qpdf\fax-decode-parms.pdf","0","6CF3A42A79698EB9A6649D51A78647DCCB05DD88DBC0B384B843618963F8755E","1565966"
"qpdf\qtest\qpdf\field-parse-errors-out.pdf","3","ECB43D7E863ECED2855F6618474E08C3A2319EF3538CA32AF5515C4B10C93B3A","3983"
"qpdf\qtest\qpdf\field-parse-errors.pdf","3","16DAB27714CFF3C366741E206ADCBE911BCE42A3326C0F9983C11FAA55865433","3487"
"qpdf\qtest\qpdf\field-resource-conflict.pdf","3","430E053A2495C7EF9A5B3187D24ECDEBE42389B3B7D775AEE38AD0948861CBD0","3656"
"qpdf\qtest\qpdf\field-types.pdf","0","94E367A11F60BAE31A430D7426D2C9EBD27363191622ED863FF88F3B151191F1","66773"
"qpdf\qtest\qpdf\fields-pages-out.pdf","0","7FE97C31F592642903C857C7CA738CDE84AFBB982DC615B159F18B02738E177B","43173"
"qpdf\qtest\qpdf\fields-split-1.pdf","0","1058358A1D0D21B5CBF3CE2FDEB01B0F787AEAA2A199D65E1C0D94D3D7146956","7221"
"qpdf\qtest\qpdf\fields-split-2.pdf","0","D470F8F503CB39B79BF68BF493B2BE273ACE1027329F181EAD21BEF5D29AEB22","36507"
"qpdf\qtest\qpdf\fields-two-pages.pdf","0","359810E6DA7852E9BEE7532B47293A44AE4F6A8A8F1A83140B334C77452C11C2","42592"
"qpdf\qtest\qpdf\filter-abbreviation.pdf","0","21176912692CCA1F393D97BFFF02BD25FE79876810F96AF1052F187DE50EA9E1","743"
"qpdf\qtest\qpdf\filter-on-write-out.pdf","2","A1645A9B198D9BDF79F9D67EF116E8D7CF1521C069C5F89F15488CA631752B8B","732"
"qpdf\qtest\qpdf\filter-on-write.pdf","2","44B9B1A39A7D86BA6A08D8A148D2D6EBFCC79927E46AA4D54D03310FAECB63EA","739"
"qpdf\qtest\qpdf\form-bad-fields-array.pdf","3","189BDFF03274C0D66628138F32D83B1E08C2808FE0F157D37EB8B9B3C3AAA687","54870"
"qpdf\qtest\qpdf\form-document-defaults.pdf","0","F782B216741F82C0D67CC927A27180A521F521E9B5DDA553FA230D13AC845B5D","54998"
"qpdf\qtest\qpdf\form-errors.pdf","3","1215418133F277C1F1805F727A8E89F97E3FBEEB0C8D1A9BB11DDBDFB443E6D1","54962"
"qpdf\qtest\qpdf\form-fields-and-annotations-shared.pdf","3","E11F5D86E19DFE25D7A233ACCD606D98A59331C579C68E2B8974E819CFB08295","12739"
"qpdf\qtest\qpdf\form-fields-and-annotations.pdf","3","081CAB34547CFBF08AE8EACB42D98F8D1BD862EAA515388BF978F681D28B4700","10590"
"qpdf\qtest\qpdf\form-filled-by-acrobat-out.pdf","0","63A27736851CDE0B3318C21CB0EA36523D2C3CC828204A7E46D1E82EEABDEB86","245545"
"qpdf\qtest\qpdf\form-filled-by-acrobat.pdf","3","465E30FE69D3B53D883EA1F01EA56A225FF0498F231ECDA6F6FC986B9C5676FF","61841"
"qpdf\qtest\qpdf\form-filled-with-atril.pdf","0","25A5D4761723754C37D39F0A46F123B0603408A866E7A45E48856EB5A0C09B12","56705"
"qpdf\qtest\qpdf\form-mod1.pdf","0","49A7E0BA65976E6B7AAA6664F176D179724C79127C00A71C04F01E634E18ADA1","54994"
"qpdf\qtest\qpdf\form-no-need-appearances-filled.pdf","0","2D6BE2A040B87CF7A6D1B9CBE73B464839B0CC9CC2666FAEDE01C65E5AF86A86","12630"
"qpdf\qtest\qpdf\form-no-need-appearances.pdf","0","72A909D80238419F3509AF4D0765B2AC882C1F15D7B27FE8AD1D959C0BAA5BB0","12572"
"qpdf\qtest\qpdf\form-xobjects-no-resources-out.pdf","0","8DD2D936243CC309CBE8CDE8C3A9C51E725A7FEF0C40C851D38E4579B47FDEA1","2664"
"qpdf\qtest\qpdf\form-xobjects-no-resources.pdf","3","CF7704EBF1AB3443A41E02DEFAF203BA7308760FD9A961B968AE689DC1E67FC4","5107"
"qpdf\qtest\qpdf\form-xobjects-out.pdf","3","54E426A134D8AF1C1F963CDC969F5DC20F6ECE3452C309AFB275AF8EBCF047F8","26553"
"qpdf\qtest\qpdf\form-xobjects-some-resources1-out.pdf","0","F02FA7F2F698864F82075DA78010405EF01F7585CACC56962921C0B82DD1A4E3","2775"
"qpdf\qtest\qpdf\form-xobjects-some-resources1.pdf","3","9E78F6342FF777F5E7EE880C5D11C1485AE443707F37820011A605BDB60945D0","5193"
"qpdf\qtest\qpdf\form-xobjects-some-resources2-out.pdf","0","AA6FA4BBBB51990D03D229D0707594D8A5086036CA198166602885F91F18E065","2819"
"qpdf\qtest\qpdf\form-xobjects-some-resources2.pdf","3","DD26C19E89DFAAA66E558B54D93042EBD4F2BCDE8E4BC797CF94A0D4DDD8471C","5260"
"qpdf\qtest\qpdf\from-scratch-0.pdf","3","D2F6EFFE34BFE99BDAE5A9B7DEE442AC1ED04AC747932DFC3F9877548BA26C8E","808"
"qpdf\qtest\qpdf\fuzz-16214.pdf","3","211E2E1C1B7757864B49D7F08E48FE6700A664B97472F85590FD4BE51DCC2FFA","12142"
"qpdf\qtest\qpdf\fx-overlay-56.pdf","3","AE3B9C0EDC3350FE34092CC752505DD44193F3A3D3900B004FA6E3B20C113750","26268"
"qpdf\qtest\qpdf\fx-overlay-57.pdf","3","B0867B484B7714C194BA1176C3943FFAEC0349570F19D9E8787F9915A3C530F7","27208"
"qpdf\qtest\qpdf\fx-overlay-58.pdf","3","279396C29619DAE0B30D3E150EC7EC58F00543D17EA27D7282B47BAECA1288DC","26470"
"qpdf\qtest\qpdf\fx-overlay-59.pdf","3","9DA5A09CB0E7CD5C9EE9C86E346E502BC93BE94263DD54C2074081B09D5806F4","27262"
"qpdf\qtest\qpdf\fx-overlay-64.pdf","3","1821AC789255768F8B12D6BAD13B8A19BD1E71643F47C4CD8AD8BAD361679FFC","4545"
"qpdf\qtest\qpdf\fx-overlay-65.pdf","3","828490D603FF5E9F1155115B8AE9DB5DDC544836EC4E48E7D293E1CC5452459D","4543"
"qpdf\qtest\qpdf\fx-overlay-66.pdf","3","10AD2C7A75D916661CE3624E45FC8FC43E8E90FF849ADCD4E79E4E4B02D70A5A","4541"
"qpdf\qtest\qpdf\fx-overlay-67.pdf","3","2F268A3737FA4244AD517852C447D43645A13A9BDC92CF513106C35E8781D0B8","4539"
"qpdf\qtest\qpdf\fxo-bigsmall.pdf","3","86B63D864932A06379ECB4726614D850392812E94D9003679D4F76527F657FBC","2133"
"qpdf\qtest\qpdf\fxo-blue.pdf","3","9A129D0098346ADAE75A306FB2C1A0DC4FB8EC0AE990F949E1AFD00437D3D302","9677"
"qpdf\qtest\qpdf\fxo-green.pdf","3","2F510A1CDE066D1CF4B5BB9A5A59E5452A2BD9E3495411FF61613EE2C98F4484","4985"
"qpdf\qtest\qpdf\fxo-red-rotate.pdf","3","FDC1FFA067DA368B7315B223050C8837C27992642F29B832317D409A2EA71C02","9669"
"qpdf\qtest\qpdf\fxo-red.pdf","3","000ECF599EA509AFB2B2191C44B80B847B6BF7259E52E85B3216D3C9B5FBE800","9669"
"qpdf\qtest\qpdf\fxo-smallbig.pdf","3","9FB91F881272A6EA476427338A64B0CDA7D0C4EE31EC318B2024BFC870E67A0A","2137"
"qpdf\qtest\qpdf\gen1-no-dangling.pdf","3","2B7246FA8A94BE6F814E713035AABF2C4EC1CFB07DE3214DF8394E4E16FB0066","1918"
"qpdf\qtest\qpdf\gen1.pdf","3","2FE8C985C220AC917EA7A5E1A1FD00C4891EB7BC3E36C8DDEA2165480A811E59","1918"
"qpdf\qtest\qpdf\global_damaged.pdf","3","95AFC92265EA7EA02198CEAD10CF5533591BD13A2DB3DE3CEA14CEEA04CD3530","907"
"qpdf\qtest\qpdf\global.pdf","3","7E148AE754718D5224BD42B249C41B2291D4DA93830712049121190F80838937","908"
"qpdf\qtest\qpdf\good1.pdf","0","29BE5BAA5A7A95E02A2CC34A714836CE4D6E8ADA1E9A390EE585FF005CB8A7ED","813"
"qpdf\qtest\qpdf\good10.pdf","3","5F694F7CFDDB7FA423CBA4736A2A1A895548905775D725AF7D3AED6D514D22CF","882"
"qpdf\qtest\qpdf\good11.pdf","3","43FDF81AC27B42E36D4E8F4C0D67E47C32E000033CFE4F605358B8EF0DD1AE75","887"
"qpdf\qtest\qpdf\good12.pdf","0","4DF6EB12FDDC6B88B20B5DBB9A56EBCF498DD46007538DE2B54B83860A69A69F","1012"
"qpdf\qtest\qpdf\good13.pdf","3","D21ED205786139BF88CB77517C2C0439788C1E840A7157F3D889882DA522846D","1457"
"qpdf\qtest\qpdf\good14.pdf","0","CDB3E5A31CBC0C95591D35202B901ECAE77F2979F55FE019C897A234E9446435","2075"
"qpdf\qtest\qpdf\good15.pdf","0","F8CCE8D66856156B7574DABB1D61CE353AF8C36077E87B6E9059E7AE4A283523","779"
"qpdf\qtest\qpdf\good16.pdf","0","7E895514A76BFF9C9BB699A14275735C9F5C61415FDA7ACC1E3E80D3003BC730","792"
"qpdf\qtest\qpdf\good17-not-qdf.pdf","0","FCF5E1F6942E6DB36EF866196914320167078F546F068A0C9E5DD7216B303021","9893"
"qpdf\qtest\qpdf\good17-not-recompressed.pdf","0","614D0E7D2720B60148411AC5F5B8EA1F42F19E73541003F168E4FCF9468307CE","10621"
"qpdf\qtest\qpdf\good17.pdf","0","7383CA2C3A1DA7C0691E0B8A63EBEE3C91B62041EE5A3433A69E721B6C48F190","17031"
"qpdf\qtest\qpdf\good18.pdf","0","E6EA41E27E7EBBB0D89472E698D0CB16BEEFFF768A584EA144AE650F8C4BBAA7","16642"
"qpdf\qtest\qpdf\good19.pdf","0","4321AF1C6CC90F383935FE5A92BF12A8359A3B9D0858CC0909CE2B90979BCA4D","1032"
"qpdf\qtest\qpdf\good2.pdf","3","70D1F17C495D712474BCCD6787640C735EDE304C61CF9BED42FF78B89EB6B76A","857"
"qpdf\qtest\qpdf\good20.pdf","3","76561C357B247DC842F0E70E907B33B6DFC20FA8B3D791A592592C7166045C4E","11177"
"qpdf\qtest\qpdf\good21.pdf","3","B175D7FDD5B7EC816911471D5BAC37E1959F24DC6C6784A8ADE38B7192D8791F","1203"
"qpdf\qtest\qpdf\good3.pdf","3","4791CA3985FDF2632883BB853E73619DA693568FF22592AE7853E112020ADEF6","858"
"qpdf\qtest\qpdf\good4.pdf","3","D48F027B3731D6C29E048A24B0FD234BE9FA2F055AE99E2892FBAAEC6284E30D","902"
"qpdf\qtest\qpdf\good5.pdf","3","70CE55B255126542A4D19909FD76EDC174695D6DCF3402D4E78BD6D82050F4A6","902"
"qpdf\qtest\qpdf\good6.pdf","0","672E34B4E503A6B9F55EB4E3B160B3C596DC3F3DA24C7D409E2835E4099B1C06","778"
"qpdf\qtest\qpdf\good7.pdf","0","2A23696911E790F5C1363BC42807B9E99214122FB309BB160983EDEA0E342450","779"
"qpdf\qtest\qpdf\good8.pdf","3","CE5EDD978CEF310C499541EEE433B7DB363272B57074DD31909A327C44BF2639","1019"
"qpdf\qtest\qpdf\good9.pdf","3","3B8D1EF95BADDDA3871EB864277280B9CE1333487B4EB885C4C1F37D5248DBDD","909"
"qpdf\qtest\qpdf\hybrid-xref.pdf","0","DF1AE8B9CB2378AAEDA6FDC11146DD37328737FD050941390D2C6BD188EEA0E4","16902"
"qpdf\qtest\qpdf\i3.pdf","3","7425BB5D9B2F0E17EF096197AD5B4475F5C23BE9CF3363CAFDBEC7B051D8AC5D","6731"
"qpdf\qtest\qpdf\image-streams-small.pdf","0","37E3FFE9BFC79B79A954758A885A0DC0E91E5D95674A8B8E77C4E729DD6603C6","21748"
"qpdf\qtest\qpdf\image-streams.pdf","0","D84A925580D8D336619D819EDC5CDBF0FEDCC9A87F64D145BCA38411DF0C69F1","2970696"
"qpdf\qtest\qpdf\incremental-1.pdf","3","3A8245FA440747AC96411A09681765269B213F2CEADD7BF4DC0C29968781887B","1568"
"qpdf\qtest\qpdf\incremental-2.pdf","3","64F71CEB1159D20F081A4151971A5ED3B7CEA1B7FF14EF90E6B7810AE191A6FA","1409"
"qpdf\qtest\qpdf\incremental-3.pdf","3","00384409248028D2DFDF06878CCD89A58A0170BFCCFED1F20E42887947D832DA","1039"
"qpdf\qtest\qpdf\indirect-decode-parms-out.pdf","0","8966DDEF6B374A2A43215D008DFC1E246C60BD3E84D0D353CA953F2D698FB4E2","1067"
"qpdf\qtest\qpdf\indirect-decode-parms.pdf","3","1664EB013BE18CDDAD607A6BE8B1AB6B2BF42D947C05BF4C4EC41879A5602FAD","1420"
"qpdf\qtest\qpdf\indirect-filter-out-0.pdf","0","CFBDE14D45FED63FE2C21DE749A090EF26C8CE0202D129098D26F425E04244DB","2948"
"qpdf\qtest\qpdf\indirect-filter-out-1.pdf","0","1A1B512C3C13F08AADA3A443A5A1ADA0DE342D2A70ABE0735F7146A72564F73D","2948"
"qpdf\qtest\qpdf\indirect-filter.pdf","0","9CA1CAE6C28E5170E9B8EC73AF2542CF15CE93C7420852DE8EFCD80F053601C0","5404"
"qpdf\qtest\qpdf\indirect-r-arg.pdf","3","999FD9EA404249DA8FE1B4996EAE0DD30543D50505D9DECEF0A8742949889861","1230"
"qpdf\qtest\qpdf\inherited-flattened.pdf","0","7738DB0C7FFC2C3E25F475236EA515AAE26F50B0E7426AA47F0B073705EAE3B1","1054"
"qpdf\qtest\qpdf\inherited-rotate.pdf","3","D2D34C105D5E7898DF84C01B56F991012C065737FC6F0D420EC01B3F7654AC96","1075"
"qpdf\qtest\qpdf\inline-image-colorspace-lookup-out.pdf","0","F99CFCFD05B91DDE8AA86D1AB02031A01892C4833E6B4BB50972F2AE2D50C727","1348"
"qpdf\qtest\qpdf\inline-image-colorspace-lookup.pdf","0","FE533848681512E8B843B1D07E6A77A0107D64A3584A0B1101CF18FCC28F3337","1176"
"qpdf\qtest\qpdf\inline-images-ii-all.pdf","0","DB9EA8FE6343237CBAB9A1C752F653540BC471E6CFE139E76BA90A13F9C1C66F","8832900"
"qpdf\qtest\qpdf\inline-images-ii-some.pdf","0","596B0DC6F9C0AA280CC7F10606EC6101A159F4748D893E999EF85F292D9E3B64","7966862"
"qpdf\qtest\qpdf\inline-images.pdf","0","8AE2FC89F4EDD5579C2B05A2B9678388B29515143252AC40F6EC97EB7D97E1DF","300684"
"qpdf\qtest\qpdf\inspect.pdf","2","DF847D362AF29EAF7238BB2E9022E38087EC401B00E7AA7BDC13605A2C6FD6FA","1012"
"qpdf\qtest\qpdf\invalid-id-xref.pdf","3","3BA3E9D562ACD30CAA668BAB1E6BD80D2477BAF128CAFAEB0196A03519700954","969"
"qpdf\qtest\qpdf\issue-100.pdf","2","B5D0DD490741BC00001803C9BD895B723AF1E0AAEF6BF3209BCDB2468950C54C","1145"
"qpdf\qtest\qpdf\issue-101.pdf","2","9E64650D42CE928DFA6F410CDEFD4DAA02BF6B74445336AC72716FD37A773CB5","4613"
"qpdf\qtest\qpdf\issue-106.pdf","3","527771A9A9986FB7868C814BC104C533B5B5327417B5A28A5421A7C0E98FE2BF","3800"
"qpdf\qtest\qpdf\issue-117.pdf","3","58076F67FCB822BB58BA1C49DE041A94B644351D6110D4DD9E3E5F84E28DCC79","2817"
"qpdf\qtest\qpdf\issue-119.pdf","2","2AAAAFC96EEC03F003D42235F7B33407E90B26DFF019121F375B00FCB7234423","912"
"qpdf\qtest\qpdf\issue-120.pdf","2","15763573F21D527CE4F486CDC1C243942608D5D7E03B2D878B3AE4A15E5620D9","785"
"qpdf\qtest\qpdf\issue-141a.pdf","2","14F9066C41D1424F004DEC0207B5E732DAA7C91551BA39B527E63813CC94FF23","88"
"qpdf\qtest\qpdf\issue-141b.pdf","2","9468B752820C6B64157FD0DFBE09AB09EFE69CD82A4BC010869FECAD25C9773D","97"
"qpdf\qtest\qpdf\issue-143.pdf","2","4BB02358331734103F4386101C4C0C33FE0EF66B68394DFA1F0FC2124693DA32","710"
"qpdf\qtest\qpdf\issue-146.pdf","2","1D1FA9CD92B534A5723810DA1EFBFC9C6DFD15824287483BCCFA0FAFDBBEC422","20752"
"qpdf\qtest\qpdf\issue-147.pdf","2","F250EA19CEA848BDF91F64C2D1086E14CA8225B66DD22733C31DEC5FD8342C85","92"
"qpdf\qtest\qpdf\issue-148.pdf","2","6D080D53F34B9F9B1F9D1C3BD11FC66A5FA89697749163B32591EA967BCE1D49","87"
"qpdf\qtest\qpdf\issue-149.pdf","3","8ED67571A4BCFF79C37489F7F21847AEF2D69B6AC29CFCAD9A6E67740620DC06","1805"
"qpdf\qtest\qpdf\issue-150.pdf","2","450A4B9A4A22F9C9D2912D2D751FDB3E0E759F64D9D341AB0E46A756F20D48DF","140"
"qpdf\qtest\qpdf\issue-1503.pdf","3","89B23E4BD530EA18DE1A63BF56372702AE4916FE13CDDFE60BA76F887402D891","4088"
"qpdf\qtest\qpdf\issue-1688a.pdf","3","6D51AC66DCDE023B1637F264453378106EA3EE807602432A925B9FD8BD402A61","531"
"qpdf\qtest\qpdf\issue-1688b.pdf","3","D3E86C2C163CF12C4426B7C28BBA9C8D9B20923F129C10EC5A8CBFD7B0AF97E5","531"
"qpdf\qtest\qpdf\issue-202.pdf","3","EE681DD26247E94F7632C18143C6D832AD9E75F4021D01C59A516B4E2087255B","328700"
"qpdf\qtest\qpdf\issue-263.pdf","2","EB7B86A9D99F9D4C9466FA577B5F2E1555C33215EB8A6A0B73E0393510BF44EA","277"
"qpdf\qtest\qpdf\issue-335a.pdf","2","A15D3D21CF8DB90DE2123D7A7A998C1EE7A9A939E80C6251D1B8DB69CAB68E61","24974"
"qpdf\qtest\qpdf\issue-335b.pdf","2","C42C611748A6897C00539A39DEC2D0F8471E702C0E51DDBB9218AFAD8357E239","25"
"qpdf\qtest\qpdf\issue-449.pdf","3","91F9AB67A63773F799BB0A585EF882858940953B4C0DE4BB748BB135C44D7936","1202"
"qpdf\qtest\qpdf\issue-99.pdf","2","7613E0AA073286E5803B98239615552757EF45383F689A85C94FF9DAB79FACEB","4798"
"qpdf\qtest\qpdf\issue-99b.pdf","2","D7128868EE5461BA9884E240A66441EEFCF264EB24A0CF25CFB86FB2789940FF","842"
"qpdf\qtest\qpdf\job-json-add-attachments.pdf","0","A25767DD019C060EDF0923CE607014FFAB28B757697F03ABA0461F09B63331BC","1715"
"qpdf\qtest\qpdf\job-json-choice-match.pdf","0","F95A5C811EBAAE5C8456F9433FDAACD213A97A06B591FCD640EB94C477A929A7","743"
"qpdf\qtest\qpdf\job-json-copy-attachments.pdf","0","AF058E7A9F2137A82C32FAD1A58DBA651BF82A1E38D881E55778C9D93B4AC940","2527"
"qpdf\qtest\qpdf\job-json-empty-input.pdf","0","01D1BFB5898B79306825B32CBEE1E3873F64FCACC509D70864544EAB7870C127","2546"
"qpdf\qtest\qpdf\job-json-encrypt-128.pdf","2","131F947E425E445FF8AA30D39141933566CD3F2ADB465B2C00D839EBB5A946E6","7439"
"qpdf\qtest\qpdf\job-json-encrypt-40.pdf","2","AFAC9A7728E9D248B5E326B7041D0F7BB2FCFA1C94C8314E834FCC39AE5D20C6","1040"
"qpdf\qtest\qpdf\job-json-input-file-password.pdf","3","2308A498E939C4F029FADC2B0766C88534DE8354AB0CEDE21AFEFA676B84CA2A","6775"
"qpdf\qtest\qpdf\job-json-misc-options.pdf","0","75B49E60ADAC5DD53C07E01C20F488E86C81A12F402C3B1D5B2A5D3E1A7CA883","1288"
"qpdf\qtest\qpdf\job-json-underlay-overlay-password.pdf","0","491B9FED88C968855933FBAEA998760B6422051315BBF57CE3BB186C79FF1042","1939"
"qpdf\qtest\qpdf\job-json-underlay-overlay.pdf","0","6DACC2F7B4CDB11CEBD144F97817781F5C46AC1A257773037E3D31BC65462DD6","16314"
"qpdf\qtest\qpdf\jpeg-qstream.pdf","0","FA6CA002DEA3E7104F86952B087CCA743DFC0C20A7F5FD8F17A02394C3696888","1156"
"qpdf\qtest\qpdf\json-changed-form-fields-and-annotations.pdf","3","A314D630B81813493B20E6890FB29378F6DFFEC75B4DD23C43499CA4235FDD97","11658"
"qpdf\qtest\qpdf\json-changed-good13.pdf","3","4F554F1687D4353C38BE44897B60FCBD420BBD20965168A9BD12A2F5966E99E2","2005"
"qpdf\qtest\qpdf\json-changed-need-appearances.pdf","0","7AA80542D83A73E493BE35D49DEB382945AA7682954FFB5456AF9D7422C62DCF","73092"
"qpdf\qtest\qpdf\kept-no-fields.pdf","0","21F32AD0588D656A41A228AF8E78F0162A66C5A82B74F537A2FD576F2C468A62","1269"
"qpdf\qtest\qpdf\kept-some-fields.pdf","0","F014F2495E53CC63016F80CE411CA0D3E09D6A357E532632A6626CE327EE493D","7787"
"qpdf\qtest\qpdf\labels-split-01-06.pdf","3","FC4EFE20FF7CC7B83351B4F82C1DC0F88C16A6460103842C616F77D2216902A8","4038"
"qpdf\qtest\qpdf\labels-split-07-11.pdf","3","8A0BF09BCC0D0152718599BA9D882C1057CB806950163FDC1FA66C6F3CC175E7","3489"
"qpdf\qtest\qpdf\large-inline-image-ii-all.pdf","0","2B517B44E3F0BF86A3EAE25A17D60E3D99D675C5EDB7CAFD9BD4E9B70DB21714","2442597"
"qpdf\qtest\qpdf\large-inline-image-ii-some.pdf","0","A00FE5ECDF028DE7A6494C075CD732E3C30E67601648695974BC7EB7ACA1C933","2442329"
"qpdf\qtest\qpdf\large-inline-image.pdf","0","7DA28B9CB83805404C4C5E8A99184B062175F017A2FB40A2BAE08AA3F9763D95","1744913"
"qpdf\qtest\qpdf\leading-junk.pdf","0","76D5295C334FBF4B9540E474C8C4D899F29A3301B1B6308A28D065B38D6869A6","13670"
"qpdf\qtest\qpdf\lin-delete-and-reuse.pdf","0","3B25F254BADBA0B073FB5DF9918226E4C356A2E6F2C079807FAE2529CD73218F","13382"
"qpdf\qtest\qpdf\lin-special.pdf","3","07FB5E3CB60121C6700A48BC8445521BF0ACAEB063A1D90A4AE240CA87598C78","4851"
"qpdf\qtest\qpdf\lin1.pdf","3","5BDDF40FD6BE12CADF33ACA857A7DAD2C58B9C3E4D3DA0DC1676F44D71515543","13103"
"qpdf\qtest\qpdf\lin2.pdf","3","6280532D918027D9AACBAA4691110EF105933DCE36DC636521C815F29FF13C27","13103"
"qpdf\qtest\qpdf\lin3.pdf","3","3F49933629692CFB6A2F3492739117E27FFAB961DD32F9B2F34C4454C68F1E41","16937"
"qpdf\qtest\qpdf\lin4.pdf","3","573AF46FFD2E0257B8D8B52F4B5D41A44FC0EBE53AB0E6EDC5C07B8B24827673","13055"
"qpdf\qtest\qpdf\lin5.pdf","3","4B716274089F173A1E2D826523E6E616182A1CAFB267EFF1E2BFFA193440054B","27464"
"qpdf\qtest\qpdf\lin6.pdf","3","E05350B709350D5950D1A0DA2DE593D7CC8677358B229BF72B4C2BEC28927D43","24824"
"qpdf\qtest\qpdf\lin7.pdf","3","A5C6BBA43A0A1BFCC5EEF7CC9A2A0EB6A16130E6F93BB4849EE69A3933285DFC","27408"
"qpdf\qtest\qpdf\lin8.pdf","3","C0CD3D8053B2EC760CBC3B781773BFEB2ABD2BC9E44592D06E660E2FDB8B216F","24875"
"qpdf\qtest\qpdf\lin9.pdf","3","FE7CCF236F9710B581D227508DCDB41C023B795532D5715BE4FBAE14F033341F","3316"
"qpdf\qtest\qpdf\linearization-bounds-1.pdf","3","02D4F2979C40E2BB1AB0DEDE28E7C7F8812D894F9A1AE04D68DDEF2613910E68","12302"
"qpdf\qtest\qpdf\linearization-bounds-2.pdf","3","D8C4DDB8A337D50A1FAAA77DE4D1B8B8E82F52B53354CC8A08F40008A6DA2085","12302"
"qpdf\qtest\qpdf\linearization-large-vector-alloc.pdf","3","6E87636D5EB58895CAAF9F48C83E19E07B34ABE99E571E54B407CEE0C716511E","12302"
"qpdf\qtest\qpdf\linearize-duplicate-page.pdf","0","03FF9ACFF4CA3381823DFAB46741BCDC507829FC101B80291F5CD3E430463463","1843"
"qpdf\qtest\qpdf\linearized-and-warnings.pdf","3","B508FC8CCD59C943C43A326A03D27B77F81E9922EA4239924EC1B35B0F06E293","1310"
"qpdf\qtest\qpdf\link-annots.pdf","3","479EF7DA850325B74DD38CDF879C6267EF5F76CBCEEF1444D5415EED1EEDB2EA","8027"
"qpdf\qtest\qpdf\long-id-linearized.pdf","0","9DD18498B7D8E757AC53B06C8F3BB43D729B2833DC7AE56E9FF708074C884409","1316"
"qpdf\qtest\qpdf\long-id.pdf","3","976F825D3934BD1C6BA0C27379582424BB744C3ABE1E46513DBEB9C99CC6406D","949"
"qpdf\qtest\qpdf\manual-appearances-out.pdf","3","1BB27B784247B57A96D1AB619FEB7A0CFF782D8B82C7543219B81CE3B9088C99","25776"
"qpdf\qtest\qpdf\manual-appearances-print-out.pdf","3","036A2FB836CF7F8494F5C8C699BC339C1AAE01D2935203F8C5924CE12131227F","25257"
"qpdf\qtest\qpdf\manual-appearances-screen-out.pdf","3","F0D88DFCF1B9459C8C2D43682D81AADD8BF7D66FD533065747127ABA66A23C89","25316"
"qpdf\qtest\qpdf\manual-appearances.pdf","3","DE0605B7D4445BC8E4D9D355203F867D40E641789146A179E5E4FB08C75EC6CE","33262"
"qpdf\qtest\qpdf\manual-qpdf-json.pdf","3","A2C5F9D5EB057B95608E91F208C084380F82304CD89D2C16A64273DEE3632AA9","2244"
"qpdf\qtest\qpdf\many-nulls.pdf","3","FBE24F64015F11AF99DBA35BD15B55096610D2E7EE80646DD6ADEC4844A0CF8F","3579"
"qpdf\qtest\qpdf\merge-dict.pdf","3","32BBF711E4C7FC25BD6170CAF6CBB3499E0EC5E6E2746F9B836FC2CC0FE66F0A","1763"
"qpdf\qtest\qpdf\merge-dot-implicit-ranges.pdf","0","6EA74A64ADC7569E58DBF2299EFDD25C47149F9DF65F462EE2BD8C1E005A1973","968"
"qpdf\qtest\qpdf\merge-implicit-ranges.pdf","0","A0A47D34FE90CDAE65C522574C1890D65B199304A50968DC36CF443679A556D5","17418"
"qpdf\qtest\qpdf\merge-multiple-labels.pdf","0","64CF44C5EB4C1CEC8CF8599185A1B6D3B3421952B84FAA06A8362A89A89F0548","3452"
"qpdf\qtest\qpdf\merge-three-files-1.pdf","0","7646BC961E09CCFAF7E2B3810E128BA036DA54DFC931031155E79A86D907A366","8699"
"qpdf\qtest\qpdf\merge-three-files-2.pdf","0","A968C0313C19006D08EF2D75DE80F93B05DF9A3DCD6D28077A66F2C1220D0186","6196"
"qpdf\qtest\qpdf\metadata-crypt-filter.pdf","0","58B8A55CED536B05700D2AAC856011E269D38AE0AEF2D21E7FA2AA6D5BDCF07B","15229"
"qpdf\qtest\qpdf\minimal-1.pdf","0","E3381FE11C0AAB3077CC3A521AE2367A955E6E03359D45349D557CD50B57DC95","750"
"qpdf\qtest\qpdf\minimal-9.pdf","0","F89696D104751C536D43E994AF8574F5ADFB7E7299E15C1F31F0FEFDB4660D65","743"
"qpdf\qtest\qpdf\minimal-dangling-out.pdf","0","DC245358BA98AA557B9CA9BE44E1936F967E6CEA525624BD012DAB3055181D0E","853"
"qpdf\qtest\qpdf\minimal-linearize-pass1.pdf","3","01423B2E88AD855DB808E2A2D8C975B38B735B6266873D5E5938148D95DB2205","1305"
"qpdf\qtest\qpdf\minimal-nulls.pdf","3","A929632F5834ABFED0F6B667C4BB27FCF9712D47849F4BFB53985F0EC9B2042C","3913"
"qpdf\qtest\qpdf\minimal-out.pdf","0","00670D81C04F29231705D29F39377A166D344F83E01622D58B11443F03601C91","799"
"qpdf\qtest\qpdf\minimal-rotated.pdf","0","3DB6303879174AA7AAD038D10C0060388C9C24B1529EDF97AB8E43DFB88F46DB","811"
"qpdf\qtest\qpdf\minimal-signed-restricted.pdf","0","60027D4631455EF6E4C6DD55360D6DB91257031145105262D27DB69D3F1EF086","135790"
"qpdf\qtest\qpdf\minimal-signed-restrictions-removed.pdf","3","AB4B24A51666086320F42CB814BCD2CC196AB54BF12B8CC22AA7C0E9C0755B01","233729"
"qpdf\qtest\qpdf\more-choices.pdf","0","B440A63E0E64528C21984583DBC05E2A94FD6825FB1680DD9A158DFBD52649F1","68826"
"qpdf\qtest\qpdf\name-pound-images.pdf","3","B7E6556FA5593F175497B54038D86AA54C7754EE0CB04BC0191CED8D20F55B3F","82201"
"qpdf\qtest\qpdf\name-tree.pdf","3","CCAEF66B248B9BFE9BB8DB415459A1013C6F2509DF233F86D7328B520D7799AB","4478"
"qpdf\qtest\qpdf\need-appearances-more-out.pdf","0","F0C9EA1EE07670A858DCD06EDE6DAB89D2C50825FDF5824B1CC322E05AA59ACC","68648"
"qpdf\qtest\qpdf\need-appearances-more.pdf","0","1B078595B9DE41855FF1E69659EFEC806C52D7B81AE83886920F6A94379A5460","68641"
"qpdf\qtest\qpdf\need-appearances-more2.pdf","0","A4F2D86D17011F458D81C8ED53A3A2BBF19FC4423A1A4A234A75A7E636CF9E01","68654"
"qpdf\qtest\qpdf\need-appearances-more3.pdf","0","A23127533F0E28D0B334ECD284179881F14456AB1CD024398C9BE58D6BA3DEBD","68633"
"qpdf\qtest\qpdf\need-appearances-out.pdf","0","A98D25F62B5E57E1F06702B9020E801E719550A33DD8D46082CCD8A7F9567532","69139"
"qpdf\qtest\qpdf\need-appearances-utf8.pdf","0","AA4DE49125BAF4256A1FCB24DD0BDEAD029E7FF0363B086AEF6774E76AAE8B9F","68690"
"qpdf\qtest\qpdf\need-appearances.pdf","0","5D9BDDB63BCB8EFEA456B28F49AAAA626FC022C13A274115FF0C382FE80C3A62","68690"
"qpdf\qtest\qpdf\need-appearances2.pdf","0","CB07A89505456BCB7A5FBE58912C26D74CF2FDC8A5E7F2264C8F33A5FB6547A7","68690"
"qpdf\qtest\qpdf\nested-form-xobjects-inline-images-ii-all.pdf","3","7A0073E0430CFD9647C6804F2F0C1C0BC3B285067C1441AC79ADF069C68227E3","6024"
"qpdf\qtest\qpdf\nested-form-xobjects-inline-images-ii-some.pdf","0","A80B374092CAC5F131384678B63AF6E82A81DBAFF800B2C61FBC17ECB5825D95","4232"
"qpdf\qtest\qpdf\nested-form-xobjects-inline-images.pdf","0","8A8C86F4D0CAE7A43BD8D7280283B4671B392D6DD0D43486FD2C2B0DE815725F","2841"
"qpdf\qtest\qpdf\nested-form-xobjects.pdf","3","5238975F44BAB625A68323E1578208C0E83CB27B77F1186FFF992550E671D48F","5884"
"qpdf\qtest\qpdf\nested-images.pdf","0","331D7B2D3B71D75D8137E58A605E26022F50A52181FF88C2687A14DA70EC2054","5744"
"qpdf\qtest\qpdf\new-streams.pdf","3","4C6105950383E0CD5AEC4A735B2DC241BD85CD6624E3B4ECDCBB30CCC498CBB1","1038"
"qpdf\qtest\qpdf\newline-before-endstream-nl-objstm.pdf","0","E7D9D66532658A5B82C69CAAC746D7F645AE6C5BBF783351D81DACCD2A801A17","1730"
"qpdf\qtest\qpdf\newline-before-endstream-nl-qdf.pdf","3","4D1473A107AAF4B74FB8FD2E74DAB95E08C21EA36B460B446AEF84ECEA26C029","3095"
"qpdf\qtest\qpdf\newline-before-endstream-nl.pdf","3","801DB3ADB39C5BCEB21FD8E53783F0373AF7E7D464489D5401BD8CA3FBB9E95B","2022"
"qpdf\qtest\qpdf\newline-before-endstream-qdf.pdf","3","155F2B03697C4354F69128D787BBB147861B3C337D92F70315A03DB4EF2BE6A6","3071"
"qpdf\qtest\qpdf\no-contents-coalesce-contents.pdf","3","D57579567169B0A559FDE91D5FBE091F15AE285115785D506692A1E13BBF43CC","452"
"qpdf\qtest\qpdf\no-contents-qdf.pdf","3","A9DD4FF53641EE58A5A364928D62FEEE80B76094ECAD8E11F1E67252200A0806","639"
"qpdf\qtest\qpdf\no-contents.pdf","3","E8B5EB20F7FC868D7CACD15ACF02F5D11F0DD731B5CA0CB1D03CC8B6CE4B348C","452"
"qpdf\qtest\qpdf\no-pages-types-fixed.pdf","0","10A6BE306AFA20C02136A0B01CB4EE05C9C94E6137618EC857EA040FE877A763","811"
"qpdf\qtest\qpdf\no-pages-types.pdf","3","13C3E8162E247C80C10146BD9FF9A6F7548D3372403F5D82DE234409A7DAE9C3","842"
"qpdf\qtest\qpdf\no-space-compressed-object.pdf","0","48CF5F81EE02F5E76C0F4764264C0EDC351EC90599A5568B740229D1DA4CF711","1391"
"qpdf\qtest\qpdf\no-space-in-xref.pdf","3","4CB40978880907554F2342397EA0905C9DB711C9177F1E07B1B8A0CB2BDB4542","838"
"qpdf\qtest\qpdf\nontrivial-crypt-filter-decrypted.pdf","0","147AF0A76220416B756AD2B73CD474C73E8E0510465AEFACE23670C2F71EA339","9234"
"qpdf\qtest\qpdf\nontrivial-crypt-filter.pdf","2","F47549959CF98041234D18C749DD57CC4E86C2E702F3BBC8EB92355108384305","8985"
"qpdf\qtest\qpdf\number-tree.pdf","3","5286E0DF9443A5469534A663E7BF3B136ADC33B489429CB60D31D98A9371128C","3593"
"qpdf\qtest\qpdf\numeric-and-string-1.pdf","0","3FCE16D0382F1EE44613B726706CC4976FA587129906664C8892A40066A89720","18204"
"qpdf\qtest\qpdf\numeric-and-string-2.pdf","0","E2B54693B6B3E7A86D2001F1D150450951F1264CEB2B9DDF449DB46C5E16B011","16022"
"qpdf\qtest\qpdf\numeric-and-string-3.pdf","3","5973A23487953954A4E8067AFDCDC05A2BE9F375FB34C5C0FB74DB07E0D4EC62","1628"
"qpdf\qtest\qpdf\obj0.pdf","3","9408227F3C62F25BB6811FCB4A2EA1D46D11C664143CA74B21C25BD2061B1A42","859"
"qpdf\qtest\qpdf\object-stream-self-ref.pdf","3","C88761EF6ACF40775EC1A4785EEDC02FB3AE3A6413084EEC148F3CF0B4BDA447","792"
"qpdf\qtest\qpdf\object-types-os.pdf","0","5FB2E3B062F9EE16685C5AF6F309C581CF082C1388BCBEF5221CA0E310632BEF","865"
"qpdf\qtest\qpdf\object-types.pdf","3","8BABC3B1A0ABA1D8B23C8BFB1A37901EF45B08689B7F40455D06838D92FCF818","1238"
"qpdf\qtest\qpdf\other-file-first.pdf","0","E30F19F6496D40D0F654FFA1545CCBB70B0781BAE404BA6DEA2DD93AAC9BD166","82147"
"qpdf\qtest\qpdf\outlines-split-01-10.pdf","3","40FE8EAE2FAC62A9F56762743F43E877181F990A9C7C0854CE955CC2C4C312CA","9544"
"qpdf\qtest\qpdf\outlines-split-11-20.pdf","3","9E11E3A5758BDA67C23DFD21431CE93649869E5668845897D5D64C3B020E8CDF","9563"
"qpdf\qtest\qpdf\outlines-split-21-30.pdf","3","7F12B4FD666B10DF678FE28DBB710E8C20A2A6C3FD715897FFB32C75C1613085","9552"
"qpdf\qtest\qpdf\outlines-with-actions.pdf","3","737D63EF3290E1F931A642B3E81DDFF1934888BC8B9DB7B6B843039CB0915C4B","17793"
"qpdf\qtest\qpdf\outlines-with-loop.pdf","3","2A8418C7E76D1E6B66B2F77F05C6FD0B26F813E0C13BD0C09E858D6D8C745C2E","17792"
"qpdf\qtest\qpdf\outlines-with-old-root-dests-dict.pdf","3","38520AF996392080A40308258FCEDC64D92DAEE68A7D73A266A19DACD88D19D4","17744"
"qpdf\qtest\qpdf\outlines-with-old-root-dests.pdf","3","E5B6C860D9AEB44667BB1E06D80FF20B9CBFADB632E93D1F1A5205474624CD75","17725"
"qpdf\qtest\qpdf\overlay-copy-annotations-p1.pdf","3","7E61BA0320AE4B5B3820168BABEEDC77F55A2F82D1DBCA52B62565EF3EB700DC","12080"
"qpdf\qtest\qpdf\overlay-copy-annotations-p2.pdf","3","9B31C4E37F43B84F8D2C98CF33CB42A49079DA22D0BACCBF1B37D6F23B3FEDC8","12853"
"qpdf\qtest\qpdf\overlay-copy-annotations-p5.pdf","3","A51504D43D66658095DEE057519E2C9CC77FAB23EBCADC55E190682AB51F380D","13309"
"qpdf\qtest\qpdf\overlay-copy-annotations-p6.pdf","3","D144CF10CDB4D88FA95E61BA1C597D0744C8EFB5001F51F2108DCD1E344B2FF3","13171"
"qpdf\qtest\qpdf\overlay-copy-annotations.pdf","3","0DD0D05CA586532BD6A966344BE02D6015F902D0B15062DD784A4A970CECBFC7","154378"
"qpdf\qtest\qpdf\overlay-no-resources.pdf","0","524C83C9A66BF499E46A098422EA0AD892EE591F480FC161C99FEECB6C38082D","1196"
"qpdf\qtest\qpdf\override-compressed-object.pdf","0","BCB8EBD65256C5EE7DCA24C41A3C76B85DFD668478D3B7CD6108E00496DBE5EF","1817"
"qpdf\qtest\qpdf\p1-a-p2-a.pdf","3","0436CA0B16C3531415A0373CE8D6B98CEF60E63635BA3E941F8CF8D4D618297F","1496"
"qpdf\qtest\qpdf\p1-a-p2-b.pdf","3","0CDADF4913FC02B05E099048354CFF3B8E415633B0F5E5E201DC4D7D58888362","1496"
"qpdf\qtest\qpdf\p1-a.pdf","3","347A57B479A205B9DC7D60050A1F8601A9EE78BA620A45B5FF7C25DFFB772FBD","1041"
"qpdf\qtest\qpdf\p1-b.pdf","3","FED820455ECA833CE5D8C35D3B3215B5030A5B12706A4A1838F692DB67D8810B","1041"
"qpdf\qtest\qpdf\page_api_1-out.pdf","3","32416F16665DF2EB38415C274B266AE3578A0FD7C8E3D57FD4616CD00BA92848","4567"
"qpdf\qtest\qpdf\page_api_1-out2.pdf","3","038BCDFF2D9B127DCF38531523AEDDBAC885F3BEB79426AA97F2CE6842637085","3971"
"qpdf\qtest\qpdf\page_api_1-out3.pdf","3","6DDE5A225290DF64CABD24110EFF74CE501207A240581EE1074AE1A51B421529","3665"
"qpdf\qtest\qpdf\page_api_1.pdf","3","BBFCB2F772AFED3BA68A3431C61C71A4C266F25A72BA04A72172E7CCC43BB7D4","5540"
"qpdf\qtest\qpdf\page_api_2.pdf","3","6EFF29406ECB90CB2DC61DFF40D3C23916A120A359BD48B71EC35DA5124B2621","1627"
"qpdf\qtest\qpdf\page-inherit-mediabox-out.pdf","0","F5DA0FFE97B904A9CDFD7D169E131278DD9955D6C922745F2EF60667F796CCEB","1449"
"qpdf\qtest\qpdf\page-inherit-mediabox.pdf","3","1D285E53EE0FC1C1383345B1F31F255DFEF90C3CA3678F7BE023E9989A8BAB33","2212"
"qpdf\qtest\qpdf\page-labels-and-outlines.pdf","3","AA81C722AE94615A1E1E5A7134BB953710922D9F7B469E21EEE6FAD981668AFB","17489"
"qpdf\qtest\qpdf\page-labels-no-zero.pdf","3","01C5E4957D5EE2B24A76101B7CCAFA3E39AFAF123A196DFE5FD2C7C271ACC042","15047"
"qpdf\qtest\qpdf\page-labels-num-tree-damaged.pdf","3","05A3EC20E37CF25B3AA6079DA2AE145710C98985C81B028E4EDB32043D889235","15509"
"qpdf\qtest\qpdf\page-labels-num-tree.pdf","3","145F866B8A87E935C2C850FDE48799E49DE3144F93353C915E0C22C98D4399E4","15509"
"qpdf\qtest\qpdf\page-missing-mediabox-out.pdf","0","7C2E7A8CAA843781ED2CD5518C379582716695D23297A0EC27E21481D53F5744","1406"
"qpdf\qtest\qpdf\page-no-content.pdf","3","3D9F7D6F1ED4BC07F62DABDB3412F74F1529D24730F98A8B1A57C1E1944F18C2","1362"
"qpdf\qtest\qpdf\page-with-no-resources.pdf","3","9F6B44F22A736D75F88BFC3CF16C82198FFBF86FB9E37AC454474A2243D45548","439"
"qpdf\qtest\qpdf\pages-copy-encryption.pdf","2","4F8EA3362E58F0239F312DBBD272A52E7297832A324B6CED7417272B7423CC10","1319"
"qpdf\qtest\qpdf\pages-is-page.pdf","3","3619CB539AAB295265547CE804803EA4FF850A9C0E6AE8B888E67B2E8DB0060B","842"
"qpdf\qtest\qpdf\pages-loop.pdf","2","CE2E3F9E7DC84DAE9394AA12A04AC927162DBD1F8F3C13EEDF29E08FB18D9673","1225"
"qpdf\qtest\qpdf\pclm-in.pdf","0","47DE13DA41D9E9EBA335DC6C0E81015B60AD4ADEF3921EA62C01D95AD102CDE0","825620"
"qpdf\qtest\qpdf\pclm-out.pdf","0","1C9D4BBC10F94ED2AA494F21CA15958D6E4ADEF34A526F4605867EDFE6ECF845","860952"
"qpdf\qtest\qpdf\png-filters-1-column.pdf","0","F1EB744655653D4A00C72117BDB969CEAD4AEB28D824CE46294309AF1DA90E92","16827"
"qpdf\qtest\qpdf\png-filters-decoded.pdf","0","2C562D27D4E3B4B239C4B64C1A2A3DEDB6D32FAD669E1B7091A3AA8AEB5C7C1B","33789"
"qpdf\qtest\qpdf\png-filters-no-columns-decoded.pdf","0","6AAA59EEA6183F65907FB5CA4005B293D10D973B08D87FF38B833191B024F3D0","26498"
"qpdf\qtest\qpdf\png-filters-no-columns.pdf","0","ED519F44ADB42F5F0E129D3DCC22069040BC10A55FC9EF6CE02E5B320DC7A2E4","16827"
"qpdf\qtest\qpdf\png-filters.pdf","0","96F0E165DB3CB2FF3A4911E3A0C8E31DD2757F01049F2DD24ABA13BFD23FA37A","16827"
"qpdf\qtest\qpdf\pound-in-name.pdf","3","A9F675CD3FBF2509B7532578DA7E53D49452C45334EFFC8F2FBB84CBC1F3C916","1033"
"qpdf\qtest\qpdf\qpdf-ctest-44-45.pdf","0","D9E7D661A19523B201330A5D3B91CE5C38E92A664BB355078725324D25644F12","798"
"qpdf\qtest\qpdf\qpdfjob-ctest2.pdf","0","2B8C40B12EEF0F3CDB9B3C1B8A924942CD9D78BEC2536FD1DF370D40BAA588FD","3379"
"qpdf\qtest\qpdf\qpdfjob-ctest3.pdf","0","03BDF2BB8C70DA9CB47147425548CB7DD0ED060EC7BCFDAB4FDE5343BF6E2B82","16504"
"qpdf\qtest\qpdf\qstream.pdf","3","C4E9F1C8124A9ED9A4132DAEF3701C408BDF81ADC9D7B9202131A3991A92AB61","971"
"qpdf\qtest\qpdf\really-shared-images-pages-out.pdf","3","776EA4704262F261DAC2C4CD2BE0C2F459F516A87332323503969557F0B908ED","11203"
"qpdf\qtest\qpdf\recover-xref-stream-recovered.pdf","0","2AD98295A599E7FC8D41BAAEC44EAD95B479F433A3E16929002F6AD1734A5A06","968"
"qpdf\qtest\qpdf\recover-xref-stream.pdf","3","9A78166F8D25C467AC45A39113728043C2A1595E74A39BB697D29565A0E5B2AC","3817"
"qpdf\qtest\qpdf\remove-acroform-out.pdf","0","BFC37BAF720154B148166E97334BC4EB73E32B6BA6D7A344F862ECCDCDBEA3ED","55799"
"qpdf\qtest\qpdf\remove-info-no-moddate.pdf","0","F7215D808C20A12F3D24530805F794F48DD81111E4804A226E5F681757F610CB","13365"
"qpdf\qtest\qpdf\remove-info.pdf","0","67C6FA10F792EE3EC63138B128F97619FA5A76F242120EED535DF7ECACD0102A","13455"
"qpdf\qtest\qpdf\remove-labels.pdf","0","3D470BB0C3F0AFCDBEEA6CC6324C33169A3DD3C9005840CCD3F9AFDCC89467D6","3349"
"qpdf\qtest\qpdf\remove-metadata-no-moddate.pdf","0","5D16E9F5A26DB8043F9E86BED7F8192E28EA164BDB209C1C06DA32731B35C12C","13495"
"qpdf\qtest\qpdf\remove-metadata.pdf","0","7189C20048F3144C5B31617C0F0D5BC4B623BEE1D721AD1C8B551E4FDB187683","13495"
"qpdf\qtest\qpdf\remove-multiple-attachments.pdf","0","23C3CBE8773201EDEE5A79F878FF5DF9A5D27343644DF14A4F0149DB671B6DD9","1341"
"qpdf\qtest\qpdf\remove-structure.out.pdf","3","39DC504E59D52AAA8AC9A038841ECD8004B0D92B4037002A6C9CC754338D7AA6","1214"
"qpdf\qtest\qpdf\remove-structure.pdf","3","2F8EBEDFE5CB018088F685F4E7AD4F05180551785D65A7DFBBE47EFE3270F617","1455"
"qpdf\qtest\qpdf\replace-with-stream-updated.pdf","3","C88944AF340CAA2A0B732C4BC1CFB524E41911E075C5E51565C8AF45DBAA8306","2116"
"qpdf\qtest\qpdf\replaced-stream-data-flate.pdf","0","73D1F7032EDFDB9FEF9FDAD9E42D2A3CA19AC7612F91FF7253B9D01536A7FF64","1422"
"qpdf\qtest\qpdf\replaced-stream-data.pdf","3","3DEB8EB4D6D967F5917471A41B3D9E4D85914296969E1622C6290997B6BBB949","925"
"qpdf\qtest\qpdf\reserved-objects.pdf","3","476E1BB321A3EEF6904591CEAC188547558202B0DA49AF489436D5BA6E5DF064","942"
"qpdf\qtest\qpdf\resolved-appearance-conflicts-generate.pdf","3","207EA4FA00540E1A5D9056DC3068A8E176FBFE7DA1EA309303F20667ED2D69A7","7542"
"qpdf\qtest\qpdf\resolved-appearance-conflicts.pdf","3","EA862DAF5D8257BCDF2B0ACB70778056E762E663F8AB66A28535F73005EB9442","9107"
"qpdf\qtest\qpdf\resolved-field-conflicts.pdf","3","1DE185B060EE9DD08C37A7D59AECD0C1628FA3A276290734C7445E6E9FB98167","38946"
"qpdf\qtest\qpdf\resource-from-dr-out.pdf","0","BF0344FFD0F239230CEE781A34258A878F32B7F3F8129476131480B3DB287941","69498"
"qpdf\qtest\qpdf\resource-from-dr.pdf","0","A277B1B65E9BF69B2AFB9A6BB79EB867383F77DD0EAFF63D9DA5C0652F1C8D97","68902"
"qpdf\qtest\qpdf\reuse-xref-stream.pdf","0","0F1648B829578CF04C0D8AF2244379156D066C479E2FF3F0FD70E71777AF0FE3","1447"
"qpdf\qtest\qpdf\rotated-shared-annotations-1.pdf","3","9D6679494C8A6C1E913596CAF2293EFA1983D42C130A42D0E1ACF9B4BDF7AD70","20710"
"qpdf\qtest\qpdf\rotated-shared-annotations-2.pdf","3","D215C783EEF8E8A20E633549185D76F3181B64502BD71EBE060F4BEDB2C5D8A2","29362"
"qpdf\qtest\qpdf\rotated.pdf","0","698F6E15B2AC77E17A9677977AC1B4D657D1C7C29FDE69CD46F4702ECF19C911","7319"
"qpdf\qtest\qpdf\sample-form-out.pdf","0","C4D29833F8B2525D423DFFF212C323B2B40FD8B4AEDF2420C5077B2581D2C795","58121"
"qpdf\qtest\qpdf\sample-form.pdf","0","E2D5981965EF1AF6FB6A9DAF86024AE9F3B4A9B4B12C22C42D395C37B347ED1A","64743"
"qpdf\qtest\qpdf\shallow_array-out.pdf","3","FA2A164680EBBE5EBC3778C04AED0FA3AFA352A6BFB0C0292B620E848E4B7C1B","863"
"qpdf\qtest\qpdf\shallow_array.pdf","3","517D1AD2DB1B73BDA7E696E724DCD7976457F284623A5F792E42248B4B1EF770","868"
"qpdf\qtest\qpdf\shared-font-xobject-split-1.pdf","3","7001968A8990F5E3A42D6A352F00301D819CD09C23436DBF9766CBBA6EBD339B","3895"
"qpdf\qtest\qpdf\shared-font-xobject-split-2.pdf","3","05DD2E4AC289F0924B8FED024985883FACE5FE32FB6DE24609B6B92459D0DEA8","3895"
"qpdf\qtest\qpdf\shared-font-xobject-split-3.pdf","3","215A611EF06289E7919826C420B201655146F2DAB0786BCE5D1081353226A0DA","3895"
"qpdf\qtest\qpdf\shared-font-xobject-split-4.pdf","3","866EDBAFCA341F65734ADACA5FC5DDD89AFACAB08139AB4EF479066E52611131","3895"
"qpdf\qtest\qpdf\shared-font-xobject.pdf","3","559BF4FC847537A14EE15DDF1CCD0D6471BCB30C3C943D00137BD38F1AB9EEAF","13691"
"qpdf\qtest\qpdf\shared-form-images-merged.pdf","0","7A9C2393DAF15BE85E4F1B06EA1C93D77B6FE17CFB958DD37E3458A52BBBC601","22650"
"qpdf\qtest\qpdf\shared-form-images-xobject.pdf","0","887D712CD48C714E5738DDFEF21D71400F6DBF797AAD0B4A74DC0AC93E41DBAD","10043"
"qpdf\qtest\qpdf\shared-form-images.pdf","0","42C4999F2AA81DF1FB97AB308DDF12BD35039F1944DB5E1B2DFCA4D036F5D3F7","25623"
"qpdf\qtest\qpdf\shared-form-split-1.pdf","0","8A18D6AFEECA9A79716AD01896AFF8A65ADEC7A7EF9C67A3E1760000E98D7E00","4840"
"qpdf\qtest\qpdf\shared-form-split-2.pdf","0","2DBC60A7B114CAC52FF067A307F236A2D5AADF3F183A981069CF14E6CC4BD725","5060"
"qpdf\qtest\qpdf\shared-form-split-3.pdf","0","6445829731D05278EDE0BA8262E2E5A2FDA072B7594EC3F8B0DFA2F2B9403A88","4669"
"qpdf\qtest\qpdf\shared-form-split-4.pdf","0","10DBE3182B5C5C81659785EF70EFE6E33694DC0C546C76BB7DFA9E521BAFD16A","4483"
"qpdf\qtest\qpdf\shared-form-split-5.pdf","0","D6599E5A1A93AE528FF7ABB3549696C6067594D108BA6182381944A0152A6A84","4633"
"qpdf\qtest\qpdf\shared-form-split-6.pdf","0","3902B66DEB6D15FFC3BD7B2F543CDF4415AA100C0616E33937E813DB8AE62090","4438"
"qpdf\qtest\qpdf\shared-images-errors-1-3-out.pdf","3","6508CC020AD8C6B043FEDC5A7F78B058D84C4FA75A9401F7258718A54A398DDE","29993"
"qpdf\qtest\qpdf\shared-images-errors-1-out.pdf","3","26C03481E3A658A8873759EB00E9C7707FF0F58D5A933A8F902A422098635CE2","4095"
"qpdf\qtest\qpdf\shared-images-errors-2-out.pdf","2","18B3B2F4B4198BCACFE7842C0D69796FD5669B285AD7C68FA5A0295994856077","29538"
"qpdf\qtest\qpdf\shared-images-errors.pdf","2","93D32F795794B4E8C573640C2C360D1B5E83E954610E9DC05D1C52CF388BF2E2","32676"
"qpdf\qtest\qpdf\shared-images-pages-out.pdf","3","331E980BAB3D17293823BE6323E026A40B9589F6B9C94BF7BA8DA3E5963C1917","14547"
"qpdf\qtest\qpdf\shared-images.pdf","3","2C5B6C0F6F2A645E2DD8E2F4960EB0AFE20B3FE546F328FB180F5484E19F5351","32652"
"qpdf\qtest\qpdf\shared-split-01-04.pdf","3","2B4D647A717C0C79716E461B7447DF6C7291631651247EEC200F14A2EF8C64B3","14259"
"qpdf\qtest\qpdf\shared-split-05-08.pdf","3","9EE5A71EBC44F3DF345D726FC943C5082C58502171F554585E7C30AF0EEA850D","14259"
"qpdf\qtest\qpdf\shared-split-09-10.pdf","3","81F3CE2CD5C43F42A88FDB5E2887C9AA36CDBC7C5EC0D5C1FCEA61FCB01AB315","7482"
"qpdf\qtest\qpdf\shared-unnamed-field.pdf","3","7A8CD09E20CE4177CC98264758D8B87C278F2E4CC3922809C89869C1BAF56451","2626"
"qpdf\qtest\qpdf\short-id-linearized.pdf","0","D1B2B5834FD8BA103820BD146E61ECB44F5DB0C33880F7976E452D34F3EEF380","1272"
"qpdf\qtest\qpdf\short-id.pdf","3","F68E1D4C055C509CF0B55B7FCFEAC0FA832EC04CE55DFE5515480654B28131DA","905"
"qpdf\qtest\qpdf\short-O-U.pdf","2","E0FDB415F3BCFF7E45E527FA86233E00508F1A248CAA33266E471AFBF17ADCFB","1172"
"qpdf\qtest\qpdf\small-images.pdf","0","13438F18852F3F500CC770870AD00C2EE922FBEEBD4EC5808C7344B46DB41B69","41882"
"qpdf\qtest\qpdf\split-content-stream-errors.pdf","2","08B3726CEB82385D40426D0ABFF4C11DD5EAB110148117E6FDC11557A27AA4B0","1259"
"qpdf\qtest\qpdf\split-content-stream.pdf","0","0B4C41AB4069699C23B122B1F2E428CCB2DA71130B4B316F1C5F13C25548054F","907"
"qpdf\qtest\qpdf\split-exp-01.Pdf","0","BFF372EB991E4577D63BACEBEE8D928CA40EFC2FE7F5C51376CED206CB68F0E9","755"
"qpdf\qtest\qpdf\split-exp-02.Pdf","0","A4626B8E8BB5C7695A5D2E6AC0F7DDF1E0BAC6C4BD011E03B7185A2AC0B3B7F0","755"
"qpdf\qtest\qpdf\split-exp-03.Pdf","0","BDD9D3E800E8258FDA9151EBE7647B881E46AC3F7845EA347662C773870F4B98","755"
"qpdf\qtest\qpdf\split-exp-04.Pdf","0","BF733F4D1AB9DBC412DC6266835B88427424174CE485AA7ECACEE2A7F3E8B21F","755"
"qpdf\qtest\qpdf\split-exp-05.Pdf","0","9DCAB51CDCA56B9722CA5889909B97751FC66959F97EC6EDF2598122D3E07CB5","755"
"qpdf\qtest\qpdf\split-exp-06.Pdf","0","FE812DB7D7278A52AFBB7FC82FC2C8769886871EBAF9DEE44FB32B3056F759D6","755"
"qpdf\qtest\qpdf\split-exp-07.Pdf","0","4FD9D455746DAF566FF6AB681EA3780A50023937678E78AD0A70C4434E1A34A4","755"
"qpdf\qtest\qpdf\split-exp-08.Pdf","0","3C0387751C472E6CE5E5B73CD7D2FD4952BE173AA80A52CF23CC912EB93B0A03","755"
"qpdf\qtest\qpdf\split-exp-09.Pdf","0","B599AC17205191EDD9AF77C9A2F1F80F07228C36C6E4CF3459D31B21E29BAD02","755"
"qpdf\qtest\qpdf\split-exp-1.pdf","2","C426B47BA328CA06969E12D5D98C9431A2048DF53F9415751A74A47B1EEDD46B","899"
"qpdf\qtest\qpdf\split-exp-10.Pdf","0","480E11225DDC3E2C89DE9B464BBF591C4678D8532EC07BA67127F090D56330C1","756"
"qpdf\qtest\qpdf\split-exp-11.Pdf","0","0807EEDFC6799CE00C3CFF9CF3531BB39C19A294FABC7100436DCB0746D56F92","756"
"qpdf\qtest\qpdf\split-exp-group-01-05.pdf","0","E24A2D891300D3CFCF2CBA05459C6A16DF6DAFFA56773E2FBCCDD6B8AD525E9C","2050"
"qpdf\qtest\qpdf\split-exp-group-06-10.pdf","0","CD66D72E8EC65BA61D8D5A963C0BABA7C74224FF2E96F6CA7B9C3C02CDB0075A","2051"
"qpdf\qtest\qpdf\split-nntree-out.pdf","3","7CC742FD93588CE5936C24DF8231A82D4C5BB403B70EFC653407803A74681B0A","4550"
"qpdf\qtest\qpdf\split-nntree.pdf","3","4066FE7883F0EA33CFDCF68C06BA91106F25435C8858133B8A55E7C2332B55CD","2430"
"qpdf\qtest\qpdf\split-tokens-split-1-2.pdf","3","FF7ACF2AEA12AC5A99DE56E171B13CE760483D8CABFBE54D38C7D16806BA5B11","2809"
"qpdf\qtest\qpdf\split-tokens.pdf","3","C8C8DA6E4AE7ABF2985A0147C360A6CDA890EA0CBD97199DEDBE3AE566142FAC","2452"
"qpdf\qtest\qpdf\stream-data.pdf","3","CE36730B3E6A590C5128903DE7C62B5F37A84581DCF448DE827EBAFC3854BD75","1237"
"qpdf\qtest\qpdf\stream-line-enders.pdf","3","14C62CF7F0AFEC8ECF81DB1B0D18CFEA55C40EA3A81C7C1BE77DC0083C6B9BEE","1096"
"qpdf\qtest\qpdf\streams-with-newlines.pdf","3","DAD8A5F65DFADD8C944EEB0AD031CC4DBDD76F03FAE0BEE4E0D5460505B5B716","2018"
"qpdf\qtest\qpdf\terminate-parsing.pdf","3","784A5A82869F7D5E96C508E4C34BA0DA4B2738AA1945D4764E92BC27F98A677E","1539"
"qpdf\qtest\qpdf\test102.pdf","3","C3A8A5E3C0D888F0D9ACF772B93F34C30BD62E3C5DC1DD5EF79E1DB929EC9C66","1214"
"qpdf\qtest\qpdf\test14-in.pdf","3","36A1A79609ECDCDEC5E00F30843082ED3212B9425F5B65F903480A1BA8356B27","2819"
"qpdf\qtest\qpdf\test14-out.pdf","3","D0004CE4A0AC4197E7D417F8DC769009046BB4400A14C36D60F6E60157A9611A","2054"
"qpdf\qtest\qpdf\test4-1.pdf","3","69924310A8A8AF1C46011611CDFB5B8CCF656DB48F5525458D923217945CCBA5","1404"
"qpdf\qtest\qpdf\test4-2.pdf","3","8B7CA3CD55F24DC04C8C49B39C6F8932175EFB864CF5C76859473B81CD0BF633","1134"
"qpdf\qtest\qpdf\test4-3.pdf","3","689718B172BDA908F2C4FDB3DA98AA273884FA893871EF82DF9FA2305A6ADE37","1200"
"qpdf\qtest\qpdf\test4-4.pdf","3","CC73CCFBB3DBCC520C45C068AA763FDD3D175E2CFD2FA49F01EAD8C2E05A8969","1324"
"qpdf\qtest\qpdf\test4-5.pdf","3","2983E1717EEC45AB84ADF32642D533325DC630B9C2209BE72CFF3E2EEA3FCBEC","1614"
"qpdf\qtest\qpdf\test76.pdf","3","3A97AC565980FFD6C321C3F15672F3B425E9C9CCB22D5158A167BE7A03C2EDED","3055"
"qpdf\qtest\qpdf\test77.pdf","3","CE67493DA7EFE8A788503C5F355B9F4E16FC4F2D2DFB60BA9328147CA73FD56C","2525"
"qpdf\qtest\qpdf\test78.pdf","3","248415292639CEA22E41870CD3B995D373E2E41ADF2503D405A86BCFD1A38F23","1631"
"qpdf\qtest\qpdf\test79.pdf","3","8A3ABA3A80EFD42FE2DCA5F9A912077B77FF17EF5F502BCA5D57A235F4AAD897","2584"
"qpdf\qtest\qpdf\test80a1.pdf","0","A163D0BE31CE5E5330C8BF87F597B1B9FC891224F4B33EAD50722ED38734FEC8","93459"
"qpdf\qtest\qpdf\test80a2.pdf","0","B9871E292734988E01818CB5D262B4EDA12360C38F7040FD38909078BFB0B9EB","97185"
"qpdf\qtest\qpdf\test80b1.pdf","0","F1DB47D7A98015150C940F11C9AAA0551D9958DFA4FF258BFC7A050AE8BF2C4F","75787"
"qpdf\qtest\qpdf\test80b2.pdf","0","572783BB0F5C84574411FD64202EDD29E4FC815A966D3ABE3C13486DCCF1B2AA","75622"
"qpdf\qtest\qpdf\test84.pdf","3","87D0A00F5C37D37915D32B0B3D576381D55AE45198AAA6F2B8DA60BCC323E058","1214"
"qpdf\qtest\qpdf\three-files-2-collate-out.pdf","3","2DF487B81030727CEBFA6901532D79976FE5515C88E51A91DAD09A4EDE37A542","12102"
"qpdf\qtest\qpdf\three-files-2,3,4-collate-out.pdf","3","FA592CF6BE2AC4CA039E325C2321ABC536DFFC05B7A3E909899BA48637F9DA4B","12220"
"qpdf\qtest\qpdf\three-files-collate-out.pdf","3","67AD5FA51A6A1E1562AA19234B099FCACE846F31C17B7311DAD6F94887F002A1","12161"
"qpdf\qtest\qpdf\tiff-predictor.pdf","0","7C7DADD5BD9266754D8B6820859185428EA8EE2F78C8699AEDC5FF09E67C9E19","1331"
"qpdf\qtest\qpdf\to-rotate.pdf","3","86478E68178AD64BC8EA3401E4667DE9A7F3CA799DC2139E2619C3B3D7B724CE","10672"
"qpdf\qtest\qpdf\token-filters-out.pdf","0","2E58CE9D8E27E2EE52434F4828C969EF44A22B864914EB8436BB590C7624B227","3505"
"qpdf\qtest\qpdf\tokenize-content-streams.pdf","0","5D7C5309B69C5FB90B8F3F4BF4CD77FED7FFDECDC93DA81EC61889352CB98537","1575"
"qpdf\qtest\qpdf\tokens.pdf","3","B5DE3F55AC8D49C2C95013008F4EC8416F4A81ECC1995371653DAB4DB9DD80D9","9558"
"qpdf\qtest\qpdf\unfilterable-with-crypt.pdf","2","8C3BB2177B76D8340797E9D16469D083DFDACC45492A81241DE6A9BB6DF894C7","17868"
"qpdf\qtest\qpdf\unfilterable.pdf","2","EFB2FAA91F859EC6372CE45797DE1896C1AA5CA7FAD3D5B23F6F4A3520C02219","799"
"qpdf\qtest\qpdf\unique-resources.pdf","3","E656FECD84997D29EB56DEAD9DC17745B74A552D6C456F8126C77478D091CF96","2577"
"qpdf\qtest\qpdf\unreferenced-dropped.pdf","0","A4C11309B36F49AF5A5DDD71E77EE7BCF32E506FD76F8827AF932D7ACCB4B726","799"
"qpdf\qtest\qpdf\unreferenced-indirect-scalar.pdf","0","4AB8A46420E15FF750F0CA903D3BE34BA044491C2676693D2684408BDC35204B","1216"
"qpdf\qtest\qpdf\unreferenced-objects.pdf","3","4EE590C807D04975159E98458AF83EACE43B373643BBDE479C6D4D7B5DE48C84","1148"
"qpdf\qtest\qpdf\unreferenced-preserved.pdf","0","3DEF5B9910569C996EC0723F7CDAD43553EE1F42DD370C9E99B4163841B263D0","927"
"qpdf\qtest\qpdf\unrotated.pdf","3","EF96F75532344FAA1950F9CA0CD0B66E1114C45E30A6B7588AFAC3501054EB6A","10872"
"qpdf\qtest\qpdf\unsupported-optimization.pdf","0","0B7B3DCFA4871DF936E5797DDB5FF9DA04DFE3C3431D7D398A9A6BAB63052CB3","1621"
"qpdf\qtest\qpdf\uo-1.pdf","3","C4B9F2960C65FC3018FB61AE7757F49BF4060742E86257254923602585ECB348","29362"
"qpdf\qtest\qpdf\uo-2.pdf","3","40C888857B9B87E026D60BA36D1E3F97144AD5FCF769B71ADB8B48420F1AE2FA","26622"
"qpdf\qtest\qpdf\uo-4.pdf","3","8D94C4BAF14E31C80AF795FACE3326A3B0797D583CF3EC3D3486FAFB9FC62C8F","16820"
"qpdf\qtest\qpdf\uo-5.pdf","3","EF2FA83222F790627148BD72E6B1AF812A7DD2005E4BF2D7EBCED9049A533867","14083"
"qpdf\qtest\qpdf\uo-6.pdf","3","CD0DB6CE20A9132A045DBCF7A06B2BEF3294C97C6B09F62CEBED8BD6109A3EFD","3872"
"qpdf\qtest\qpdf\uo-7.pdf","3","586774A3548A3ABEB37CBBBDBB4C1E4A99F51E3F82AA73CFEFAFE47D2E5A943E","22638"
"qpdf\qtest\qpdf\uo-8.pdf","3","6BD54F4E881FCFFFDE496A4A5CB738C95FC520E6E2D5EE1F14638204DCFE3ED5","13513"
"qpdf\qtest\qpdf\update-stream-data-updated.pdf","3","85A65EBF480B999E12C35CB621F63D514FE196D6E07F4DB4DE22BE523210D90B","2008"
"qpdf\qtest\qpdf\update-stream-dict-only-updated.pdf","3","D736090A4B6F18D74031F946FB0DBF7AC27A4B7AC8873B15E9E542E8084B8224","2028"
"qpdf\qtest\qpdf\utf16le.pdf","0","D7FA801D2BDA9FE3B8C26003842ED8DE4DA21CBD3A768E8112002B4FE4FD0415","3805"
"qpdf\qtest\qpdf\V4-aes-clearmeta.pdf","0","43610228275FE86819C9FC4F7106C25C60EA433A0EA7C9DDB58671C7A4C14ECE","16910"
"qpdf\qtest\qpdf\V4-aes.pdf","0","1D8A812844B8D8C7BA085A627EB3B7AB52AA651C6143CA07315084220A113240","16474"
"qpdf\qtest\qpdf\V4-clearmeta.pdf","0","4618527E80203FC96F4C8E4E2F53CD87362F59E5720FABB2A6FF8ED05D585CBE","15240"
"qpdf\qtest\qpdf\V4.pdf","0","D82598D67A99B412C19F3A841A23B69BB74C4E4DB716ED21F4F61B90EE7D05E7","14781"
"qpdf\qtest\qpdf\various-updates-updated.pdf","3","595F95DC71EE574A71C0B4E76C53FAA80A6E85AC50F14B25F7D151BA12698AFD","1553"
"qpdf\qtest\qpdf\warn-replace.pdf","0","A889268348A8FB2C07EDE57EC27E74253F2BC9DD0E0BF0A7EC659710A19D85C1","16504"
"qpdf\qtest\qpdf\weird-tokens.pdf","3","A6D37DEA201878B5CC217C22B7226FEEDD6F43E889C1BC1F52A57C284BFA98C5","9664"
"qpdf\qtest\qpdf\xref-compressed-in-compressed.pdf","-1","C99080E8D936EEB40A08D7E596F4C10B959A245FE3CB5DDB971EB7F145BAA4C2","11325"
"qpdf\qtest\qpdf\xref-errors.pdf","3","AE80F2B45F8453C2595FF9103543DD906DA482B8DF4F6CE722FD0654690918BA","843"
"qpdf\qtest\qpdf\xref-range.pdf","0","2A17E8C9DCEB4E204173C6233AB39B506AF651F69B8BE2F58ED60E79516B42EB","722"
"qpdf\qtest\qpdf\xref-with-short-size.pdf","3","1B705DEB63E4578AE90356463762739CFD2DDBC4AC515800AC7F12C1213710F5","16527"
"qpdf\qtest\qpdf\zero-offset.pdf","3","F53F673A3EEF48EF3CBF04E368C3712C14FA001A2C125C8FA94520FF21FE34B1","828"
"qpdf\qtest\storage\field-types.pdf","0","3DF1298316FC7C85B1EE8B383AD307225DC4F50B08D520AB52C8B09B287B35C4","43917"
"qpdf\qtest\storage\form.pdf","0","0D2D376AA561887C691B964B3657CA9CFDBFA56F651CF6F7F4B1CBFD5BC39D8F","31890"
